"","Series","Period","Method","RMSE","MAE","MAPE"
"1","N0046","YEARLY","meanBaggedEAT200",0.105550298630762,0.0628824859413688,3.54746149028213
"2","N0047","YEARLY","meanBaggedEAT200",0.530398535443584,0.508437138099266,32.4856498223264
"3","N0048","YEARLY","meanBaggedEAT200",0.474021748506692,0.4204789089469,10.4119337430822
"4","N0049","YEARLY","meanBaggedEAT200",0.382094132922783,0.308896697247219,7.6271410120186
"5","N0050","YEARLY","meanBaggedEAT200",0.263163629643525,0.249253893394611,17.8687021666709
