"","Series","Period","Method","RMSE","MAE","MAPE"
"1","N0496","YEARLY","meanBaggedEAT200",0.194735354257535,0.160138487171694,8.04930016233821
"2","N0497","YEARLY","meanBaggedEAT200",0.112666449299362,0.0943115518058297,4.86898802864614
"3","N0498","YEARLY","meanBaggedEAT200",0.0390241424436237,0.0305383631656408,3.00601935854235
"4","N0499","YEARLY","meanBaggedEAT200",0.469410765040618,0.406783653577665,24.3954784651886
"5","N0500","YEARLY","meanBaggedEAT200",0.0859718215469675,0.0780019124587888,5.79185621041818
