"","Series","Period","Method","RMSE","MAE","MAPE"
"1","N0501","YEARLY","meanBaggedEAT200",0.0453300909627658,0.0299029493041782,2.93837379821969
"2","N0502","YEARLY","meanBaggedEAT200",0.274473342903007,0.221533766326723,53.5012649704205
"3","N0503","YEARLY","meanBaggedEAT200",1.14644333156266,0.98535302598544,39.3608362212647
"4","N0504","YEARLY","meanBaggedEAT200",0.0686918950048904,0.0652908666738018,9.02507034066245
"5","N0505","YEARLY","meanBaggedEAT200",0.0407397403508576,0.0356727843947978,3.06175180623786
