"","Series","Period","Method","RMSE","MAE","MAPE"
"1","N0516","YEARLY","meanBaggedEAT200",0.139597724463555,0.124961856297102,9.55795774108272
"2","N0517","YEARLY","meanBaggedEAT200",0.471503957552155,0.356043215446995,21.2406033273388
"3","N0518","YEARLY","meanBaggedEAT200",0.0232773394931964,0.0181201978734881,1.529046348243
"4","N0519","YEARLY","meanBaggedEAT200",0.140883620111915,0.13265723253392,19.2701811748462
"5","N0520","YEARLY","meanBaggedEAT200",0.178245300484385,0.157786522000305,16.4396769528048
