"","Series","Period","Method","RMSE","MAE","MAPE"
"1","N0521","YEARLY","meanBaggedEAT200",0.0731672360842219,0.0626421515610972,6.64696885315701
"2","N0522","YEARLY","meanBaggedEAT200",0.206008496993199,0.180653699752823,17.1150425182736
"3","N0523","YEARLY","meanBaggedEAT200",0.336069583707707,0.306837563303988,38.2023277829032
"4","N0524","YEARLY","meanBaggedEAT200",0.212838134168768,0.172416030708563,11.0350375118474
"5","N0525","YEARLY","meanBaggedEAT200",0.389343136376852,0.275664448353656,16.3033668636504
