"","Series","Period","Method","RMSE","MAE","MAPE"
"1","N0526","YEARLY","meanBaggedEAT200",0.0208875828013355,0.0169405450582592,1.94257065645425
"2","N0527","YEARLY","meanBaggedEAT200",0.0272611782712567,0.0236449442538969,2.48852920973666
"3","N0528","YEARLY","meanBaggedEAT200",0.108129968529341,0.0819180838516835,7.60069550413461
"4","N0529","YEARLY","meanBaggedEAT200",0.111583675927015,0.094588998237069,48.8317938785777
"5","N0530","YEARLY","meanBaggedEAT200",0.0223127808574686,0.016167597935468,1.62018348775245
