"","Series","Period","Method","RMSE","MAE","MAPE"
"1","N0531","YEARLY","meanBaggedEAT200",0.00664550606856581,0.00640916335998045,0.470838752541373
"2","N0532","YEARLY","meanBaggedEAT200",0.0694813328541051,0.05285820451411,2.96902233817882
"3","N0533","YEARLY","meanBaggedEAT200",0.024831486223407,0.0212290643663042,4.00668515055695
"4","N0534","YEARLY","meanBaggedEAT200",0.81374501593193,0.647553433877325,20.1472205588393
"5","N0535","YEARLY","meanBaggedEAT200",0.0540692770282712,0.0430685306840321,3.13179843589959
