"","Series","Period","Method","RMSE","MAE","MAPE"
"1","N0536","YEARLY","meanBaggedEAT200",0.1717557992687,0.14988858690899,27.5946279765264
"2","N0537","YEARLY","meanBaggedEAT200",0.00623822875742626,0.00508448343545403,0.579593405723816
"3","N0538","YEARLY","meanBaggedEAT200",0.043430240040833,0.0327763395633946,2.40959062312101
"4","N0539","YEARLY","meanBaggedEAT200",0.00707390043981552,0.00592360435500261,0.611942757862636
"5","N0540","YEARLY","meanBaggedEAT200",0.0654471067872357,0.0528926943486735,5.66117544383342
