"","Series","Period","Method","RMSE","MAE","MAPE"
"1","N0541","YEARLY","meanBaggedEAT200",0.0727147359394085,0.0669229802908934,5.18662922929736
"2","N0542","YEARLY","meanBaggedEAT200",0.151477046879144,0.134899691971776,26.1318477705445
"3","N0543","YEARLY","meanBaggedEAT200",0.0155778517563866,0.0144101709694703,0.945384560523298
"4","N0544","YEARLY","meanBaggedEAT200",0.0187103608375593,0.0172517512304616,1.13732746026469
"5","N0545","YEARLY","meanBaggedEAT200",0.109819280441798,0.0951191020121771,25.7182589815326
