"","Series","Period","Method","RMSE","MAE","MAPE"
"1","N0051","YEARLY","meanBaggedEAT200",0.279992075558713,0.250474139820165,20.1628327990682
"2","N0052","YEARLY","meanBaggedEAT200",0.467311246397786,0.457016646987255,17.5817012509625
"3","N0053","YEARLY","meanBaggedEAT200",0.431751941664634,0.410423456844388,21.0638870375963
"4","N0054","YEARLY","meanBaggedEAT200",0.429943557239536,0.402071671402661,22.0877771209101
"5","N0055","YEARLY","meanBaggedEAT200",0.203893605015839,0.171516997744955,19.0055521282598
