"","Series","Period","Method","RMSE","MAE","MAPE"
"1","N0546","YEARLY","meanBaggedEAT200",0.0223617678583414,0.0213176619945046,1.3546817968542
"2","N0547","YEARLY","meanBaggedEAT200",0.22138971823971,0.174507713301063,20.622118372704
"3","N0548","YEARLY","meanBaggedEAT200",0.128657640615053,0.115023821071384,9.34658509842919
"4","N0549","YEARLY","meanBaggedEAT200",0.040207579250219,0.0310476644568403,3.83269730610471
"5","N0550","YEARLY","meanBaggedEAT200",0.539095864661001,0.358809540474716,27.7818247787463
