"","Series","Period","Method","RMSE","MAE","MAPE"
"1","N0551","YEARLY","meanBaggedEAT200",1.03613977573049,0.937239880426001,73.6419907414376
"2","N0552","YEARLY","meanBaggedEAT200",0.0642332777675695,0.0568233384936158,6.45932022663305
"3","N0553","YEARLY","meanBaggedEAT200",0.37440405380743,0.326896732997811,33.0728386931344
"4","N0554","YEARLY","meanBaggedEAT200",0.210930257057068,0.174223637420958,17.7238410093815
"5","N0555","YEARLY","meanBaggedEAT200",0.418892966140654,0.396776872254157,27.5699728463389
