"","Series","Period","Method","RMSE","MAE","MAPE"
"1","N0561","YEARLY","meanBaggedEAT200",0.167711657562656,0.130197868001522,9.25148477483645
"2","N0562","YEARLY","meanBaggedEAT200",0.0913173419516253,0.0862413001750146,6.45276859836413
"3","N0563","YEARLY","meanBaggedEAT200",0.287980195975625,0.218378772986127,14.2760546144656
"4","N0564","YEARLY","meanBaggedEAT200",0.129539061926926,0.108930002136696,13.9192948108241
"5","N0565","YEARLY","meanBaggedEAT200",0.101724932116374,0.0908040637977318,17.9670436454881
