"","Series","Period","Method","RMSE","MAE","MAPE"
"1","N0566","YEARLY","meanBaggedEAT200",0.0364114935514525,0.0288656899776073,2.54765130764437
"2","N0567","YEARLY","meanBaggedEAT200",0.0918540129222516,0.074094219807605,9.18429761985084
"3","N0568","YEARLY","meanBaggedEAT200",0.126509332085512,0.107230592968953,13.6917522736379
"4","N0569","YEARLY","meanBaggedEAT200",0.175980602047778,0.173159732129176,24.3909433486122
"5","N0570","YEARLY","meanBaggedEAT200",0.0944275443312825,0.0757122830394606,20.0223476347032
