"","Series","Period","Method","RMSE","MAE","MAPE"
"1","N0576","YEARLY","meanBaggedEAT200",0.184715034149959,0.160253716179218,23.7334948643436
"2","N0577","YEARLY","meanBaggedEAT200",0.0607146997047265,0.0517353389228567,10.2734194757038
"3","N0578","YEARLY","meanBaggedEAT200",0.0709528395417577,0.0611882993736533,9.53957869148763
"4","N0579","YEARLY","meanBaggedEAT200",0.266814277041893,0.238593190300307,31.6614171176459
"5","N0580","YEARLY","meanBaggedEAT200",0.0990641222922155,0.088119025278727,11.5376942527664
