"","Series","Period","Method","RMSE","MAE","MAPE"
"1","N0581","YEARLY","meanBaggedEAT200",0.137779331224101,0.136555027411125,12.9280329626256
"2","N0582","YEARLY","meanBaggedEAT200",0.131332306494634,0.129397423757775,16.8200951347723
"3","N0583","YEARLY","meanBaggedEAT200",0.0127550184480228,0.0101589466967358,1.65739246381045
"4","N0584","YEARLY","meanBaggedEAT200",0.0893602914929919,0.0827544094629921,13.0697853464974
"5","N0585","YEARLY","meanBaggedEAT200",0.104063344198351,0.0946768097198832,22.0746363380136
