"","Series","Period","Method","RMSE","MAE","MAPE"
"1","N0591","YEARLY","meanBaggedEAT200",0.201555977505121,0.200013273153662,14.5263049486657
"2","N0592","YEARLY","meanBaggedEAT200",0.0477078567447897,0.0386524770935753,2.38837144957778
"3","N0593","YEARLY","meanBaggedEAT200",0.11772998012897,0.0963853755720626,4.28787894306638
"4","N0594","YEARLY","meanBaggedEAT200",0.244669400148136,0.202858283473338,8.45754809857417
"5","N0595","YEARLY","meanBaggedEAT200",0.0613124450161735,0.0484736205137052,2.55030617626505
