"","Series","Period","Method","RMSE","MAE","MAPE"
"1","N0056","YEARLY","meanBaggedEAT200",0.797214020131655,0.788882902210003,29.3447889922679
"2","N0057","YEARLY","meanBaggedEAT200",0.654960179537001,0.578427076679129,20.9361757471547
"3","N0058","YEARLY","meanBaggedEAT200",0.812554846841683,0.707433746987666,28.3695186492467
"4","N0059","YEARLY","meanBaggedEAT200",0.315272080987774,0.279463655409348,16.4019314905725
"5","N0060","YEARLY","meanBaggedEAT200",0.152404837308565,0.112379936277004,8.94147418941912
