"","Series","Period","Method","RMSE","MAE","MAPE"
"1","N0596","YEARLY","meanBaggedEAT200",0.102677926365628,0.0838492561302748,4.48971004635951
"2","N0597","YEARLY","meanBaggedEAT200",0.219929701674863,0.166730503316412,12.9818005512855
"3","N0598","YEARLY","meanBaggedEAT200",0.199161222915824,0.15022685438394,11.9988715521888
"4","N0599","YEARLY","meanBaggedEAT200",0.118427421949318,0.0870498088144021,4.98883291641395
"5","N0600","YEARLY","meanBaggedEAT200",0.255603008157114,0.252574911489667,25.2483580855621
