"","Series","Period","Method","RMSE","MAE","MAPE"
"1","N0601","YEARLY","meanBaggedEAT200",0.100465622411844,0.0725202701946231,8.34837878871032
"2","N0602","YEARLY","meanBaggedEAT200",0.555422192269458,0.537078795726268,62.1409100184649
"3","N0603","YEARLY","meanBaggedEAT200",0.413764749594086,0.408046024341991,41.6815377237768
"4","N0604","YEARLY","meanBaggedEAT200",0.0345692817523142,0.0315018683515387,3.82321015346589
"5","N0605","YEARLY","meanBaggedEAT200",0.203238651918462,0.163108931832162,11.0719567028649
