"","Series","Period","Method","RMSE","MAE","MAPE"
"1","N0611","YEARLY","meanBaggedEAT200",0.0512607434070209,0.0405187262974622,2.2956029471388
"2","N0612","YEARLY","meanBaggedEAT200",0.297198796543223,0.23353088377503,15.9961034076554
"3","N0613","YEARLY","meanBaggedEAT200",0.133150480419047,0.103138727690319,8.91199352247994
"4","N0614","YEARLY","meanBaggedEAT200",0.129104050671014,0.0959837772253852,6.99602604507319
"5","N0615","YEARLY","meanBaggedEAT200",0.111630807452851,0.085318325716654,8.60665827476473
