"","Series","Period","Method","RMSE","MAE","MAPE"
"1","N0616","YEARLY","meanBaggedEAT200",0.055804293538266,0.0532598880140245,3.52293573125492
"2","N0617","YEARLY","meanBaggedEAT200",0.379294228106294,0.334483631093534,9.54086955574105
"3","N0618","YEARLY","meanBaggedEAT200",0.0375847343388915,0.0368060930864117,2.90180123797092
"4","N0619","YEARLY","meanBaggedEAT200",0.0476249284461273,0.0430326089565974,2.97596815187849
"5","N0620","YEARLY","meanBaggedEAT200",0.0539753500465721,0.0515852672905409,3.41316539174416
