"","Series","Period","Method","RMSE","MAE","MAPE"
"1","N0621","YEARLY","meanBaggedEAT200",0.0624811636683605,0.0603619481846904,3.97878410377357
"2","N0622","YEARLY","meanBaggedEAT200",0.0331769044629843,0.0299406595225846,1.95611796355749
"3","N0623","YEARLY","meanBaggedEAT200",0.199075603168488,0.180854468260446,8.62970596557595
"4","N0624","YEARLY","meanBaggedEAT200",0.312701709304825,0.278120418648022,11.9234790424601
"5","N0625","YEARLY","meanBaggedEAT200",0.260075284561189,0.22543188205283,10.6463046581362
