"","Series","Period","Method","RMSE","MAE","MAPE"
"1","N0626","YEARLY","meanBaggedEAT200",0.220623258309472,0.193971650012292,36.4400206963335
"2","N0627","YEARLY","meanBaggedEAT200",0.0913831014812529,0.0650919306154089,4.12816052990321
"3","N0628","YEARLY","meanBaggedEAT200",0.098281607899626,0.0903887204970632,7.08727465233925
"4","N0629","YEARLY","meanBaggedEAT200",0.477862228599576,0.447124983978693,24.2607441751583
"5","N0630","YEARLY","meanBaggedEAT200",0.0722632103871633,0.0672847309906258,6.04944045661488
