"","Series","Period","Method","RMSE","MAE","MAPE"
"1","N0631","YEARLY","meanBaggedEAT200",0.31292978997712,0.307161253717201,21.4389985131963
"2","N0632","YEARLY","meanBaggedEAT200",0.0758832795842798,0.0612113742927671,7.26505912711908
"3","N0633","YEARLY","meanBaggedEAT200",0.0428870174300146,0.0357671813409465,3.19407139938114
"4","N0634","YEARLY","meanBaggedEAT200",0.0781336412514903,0.0455986693903736,3.88605766678256
"5","N0635","YEARLY","meanBaggedEAT200",0.343517608659524,0.280685702941845,28.4471031029696
