"","Series","Period","Method","RMSE","MAE","MAPE"
"1","N0636","YEARLY","meanBaggedEAT200",0.391673300185363,0.339469701862122,39.0708945079783
"2","N0637","YEARLY","meanBaggedEAT200",0.585164626211294,0.522668159486918,164.92357856082
"3","N0638","YEARLY","meanBaggedEAT200",0.100152074986719,0.0788552048956271,7.15089748718242
"4","N0639","YEARLY","meanBaggedEAT200",0.118387753451037,0.103323733905827,11.7950027186674
"5","N0640","YEARLY","meanBaggedEAT200",0.146870664949999,0.130706376219069,15.2861359823926
