"","Series","Period","Method","RMSE","MAE","MAPE"
"1","N0061","YEARLY","meanBaggedEAT200",0.0673041434258139,0.0552850940751841,2.96372788103322
"2","N0062","YEARLY","meanBaggedEAT200",0.248694948714492,0.186740765676338,8.25619272262996
"3","N0063","YEARLY","meanBaggedEAT200",0.188535175375081,0.154998875579539,8.49275622748316
"4","N0064","YEARLY","meanBaggedEAT200",0.347166688551466,0.265757853448551,12.290493045079
"5","N0065","YEARLY","meanBaggedEAT200",0.31428067585443,0.248390211428739,8.72836796653345
