"","Series","Period","Method","RMSE","MAE","MAPE"
"1","N0646","QUARTERLY","meanBaggedEAT200",0.0459164697654304,0.0359452462530871,2.78104316896513
"2","N0647","QUARTERLY","meanBaggedEAT200",0.0711546301073534,0.0663905312056502,3.98573566934687
"3","N0648","QUARTERLY","meanBaggedEAT200",0.158385737770837,0.12851642296204,6.52922333213542
"4","N0649","QUARTERLY","meanBaggedEAT200",0.166586883845447,0.138415887021731,14.2048692248407
"5","N0650","QUARTERLY","meanBaggedEAT200",0.665046270694429,0.61999202388507,19.1958621747408
