"","Series","Period","Method","RMSE","MAE","MAPE"
"1","N0656","QUARTERLY","meanBaggedEAT200",0.110208178949335,0.108437979936154,7.95491943208712
"2","N0657","QUARTERLY","meanBaggedEAT200",0.0597007751202777,0.0543872828663732,3.74661944468422
"3","N0658","QUARTERLY","meanBaggedEAT200",0.226107636422675,0.176533988280993,12.5641132960481
"4","N0659","QUARTERLY","meanBaggedEAT200",0.051415443057096,0.0432405639553935,2.79704782613188
"5","N0660","QUARTERLY","meanBaggedEAT200",0.0770998944343037,0.0746911973711924,4.63870150353771
