"","Series","Period","Method","RMSE","MAE","MAPE"
"1","N0666","QUARTERLY","meanBaggedEAT200",0.194470298990948,0.156311760573369,16.3018183871576
"2","N0667","QUARTERLY","meanBaggedEAT200",0.0405354962734304,0.0288792456607873,3.07257471728662
"3","N0668","QUARTERLY","meanBaggedEAT200",0.370901013039181,0.323793983956364,21.3956006692122
"4","N0669","QUARTERLY","meanBaggedEAT200",0.0981222351298392,0.0805467887542912,5.67956130049386
"5","N0670","QUARTERLY","meanBaggedEAT200",0.387374421022863,0.368155006442756,23.4328675876365
