"","Series","Period","Method","RMSE","MAE","MAPE"
"1","N0671","QUARTERLY","meanBaggedEAT200",0.0493472491484005,0.0312988854176399,1.7219223769342
"2","N0672","QUARTERLY","meanBaggedEAT200",0.178158472984782,0.166099726295329,12.0434292106744
"3","N0673","QUARTERLY","meanBaggedEAT200",0.473809637778067,0.415990598914865,22.4967075227988
"4","N0674","QUARTERLY","meanBaggedEAT200",0.0791332788322202,0.0516188754299328,3.73236779287287
"5","N0675","QUARTERLY","meanBaggedEAT200",0.364725596451914,0.345520765929079,63.7655596854528
