"","Series","Period","Method","RMSE","MAE","MAPE"
"1","N0676","QUARTERLY","meanBaggedEAT200",0.57803831665619,0.524036636392497,34.8960355062222
"2","N0677","QUARTERLY","meanBaggedEAT200",0.0285608943137153,0.0212973467106217,1.30690823095553
"3","N0678","QUARTERLY","meanBaggedEAT200",0.0889733621390456,0.0866947451815027,8.30556265958577
"4","N0679","QUARTERLY","meanBaggedEAT200",0.147471572387807,0.134072501939341,9.38165257827778
"5","N0680","QUARTERLY","meanBaggedEAT200",0.0456612595938511,0.035804189958115,2.74750070880294
