"","Series","Period","Method","RMSE","MAE","MAPE"
"1","N0681","QUARTERLY","meanBaggedEAT200",0.054684873034799,0.0459201178345547,3.28484107844661
"2","N0682","QUARTERLY","meanBaggedEAT200",0.0481775541326029,0.0395940419829024,3.59701968419578
"3","N0683","QUARTERLY","meanBaggedEAT200",0.0901455156632697,0.0833312237694769,5.84829500244716
"4","N0684","QUARTERLY","meanBaggedEAT200",0.223794415844726,0.19403168230604,9.59207366352631
"5","N0685","QUARTERLY","meanBaggedEAT200",0.0982454621621056,0.0950785529891102,9.50257511345354
