"","Series","Period","Method","RMSE","MAE","MAPE"
"1","N0686","QUARTERLY","meanBaggedEAT200",0.150909022112008,0.148718382902512,10.7479020149778
"2","N0687","QUARTERLY","meanBaggedEAT200",0.862206808070974,0.702554062665279,35.0449110984826
"3","N0688","QUARTERLY","meanBaggedEAT200",0.176707614371213,0.138622554174633,11.5609852520997
"4","N0689","QUARTERLY","meanBaggedEAT200",0.136251906858085,0.126489531292067,7.61697706642744
"5","N0690","QUARTERLY","meanBaggedEAT200",0.0344603557532309,0.028818398223413,2.42337030281045
