"","Series","Period","Method","RMSE","MAE","MAPE"
"1","N0691","QUARTERLY","meanBaggedEAT200",0.0863121161407377,0.0760649060889188,4.81467198320918
"2","N0692","QUARTERLY","meanBaggedEAT200",0.113099108163326,0.0971098012655737,6.14843436700842
"3","N0693","QUARTERLY","meanBaggedEAT200",0.0905930878221451,0.0799389122666742,4.96209625462468
"4","N0694","QUARTERLY","meanBaggedEAT200",0.142337688790156,0.130500987516945,9.92331512844002
"5","N0695","QUARTERLY","meanBaggedEAT200",0.233941670092511,0.170865617325297,15.6420615145746
