"","Series","Period","Method","RMSE","MAE","MAPE"
"1","N0696","QUARTERLY","meanBaggedEAT200",0.184481778544143,0.147577733973029,11.3724519405436
"2","N0697","QUARTERLY","meanBaggedEAT200",0.1696733697619,0.14189893094082,18.22569138534
"3","N0698","QUARTERLY","meanBaggedEAT200",0.0475216122574041,0.0421837854020154,5.59434130736369
"4","N0699","QUARTERLY","meanBaggedEAT200",0.942581842651471,0.823597651606219,26.7200964446963
"5","N0700","QUARTERLY","meanBaggedEAT200",0.12225085422094,0.109684844309735,10.0265413131234
