"","Series","Period","Method","RMSE","MAE","MAPE"
"1","N0701","QUARTERLY","meanBaggedEAT200",0.103976291501496,0.0801053260609927,11.5595852174791
"2","N0702","QUARTERLY","meanBaggedEAT200",0.102537466376971,0.082255955566487,9.16825330107536
"3","N0703","QUARTERLY","meanBaggedEAT200",0.188932428127613,0.175090193925352,17.0281377584129
"4","N0704","QUARTERLY","meanBaggedEAT200",0.0995663057348903,0.0868295291423342,8.42572604265728
"5","N0705","QUARTERLY","meanBaggedEAT200",0.109039817104991,0.0898131695749053,5.06632577550002
