"","Series","Period","Method","RMSE","MAE","MAPE"
"1","N0741","QUARTERLY","meanBaggedEAT200",0.0533707591638932,0.0361618016433766,3.18603426070621
"2","N0742","QUARTERLY","meanBaggedEAT200",0.0478864211415314,0.0381618175158779,2.96277050806312
"3","N0743","QUARTERLY","meanBaggedEAT200",0.059015770810993,0.0490067361258228,4.51207999272348
"4","N0744","QUARTERLY","meanBaggedEAT200",0.429116519241815,0.326813045536198,25.2142194278986
"5","N0745","QUARTERLY","meanBaggedEAT200",0.266482216818226,0.227937177913069,13.8914053860938
