"","Series","Period","Method","RMSE","MAE","MAPE"
"1","N0071","YEARLY","meanBaggedEAT200",0.351705246506214,0.339717263381633,16.074803403109
"2","N0072","YEARLY","meanBaggedEAT200",0.0818573187136038,0.0767574418131689,5.06131304522697
"3","N0073","YEARLY","meanBaggedEAT200",1.7434074794024,1.63993278392662,46.887848586177
"4","N0074","YEARLY","meanBaggedEAT200",0.20682603676165,0.189673940276012,17.5072438357444
"5","N0075","YEARLY","meanBaggedEAT200",1.20836300521902,0.909800650966272,88.5964368273926
