"","Series","Period","Method","RMSE","MAE","MAPE"
"1","N0746","QUARTERLY","meanBaggedEAT200",0.156103288081186,0.147152386494457,12.5419532528382
"2","N0747","QUARTERLY","meanBaggedEAT200",0.351700545640969,0.323993285378165,21.2749248550499
"3","N0748","QUARTERLY","meanBaggedEAT200",0.307102181727551,0.268288535640125,18.7826443965585
"4","N0749","QUARTERLY","meanBaggedEAT200",0.125895750994622,0.0919303852116599,9.98205083188463
"5","N0750","QUARTERLY","meanBaggedEAT200",0.0969684711434962,0.0810828104265653,6.19718095603613
