"","Series","Period","Method","RMSE","MAE","MAPE"
"1","N0751","QUARTERLY","meanBaggedEAT200",0.0415981551321579,0.0332740078648928,3.86703169233972
"2","N0752","QUARTERLY","meanBaggedEAT200",0.0350379487550158,0.0259218929521687,1.46429207881567
"3","N0753","QUARTERLY","meanBaggedEAT200",0.311623332098579,0.287543245347483,18.2722340485648
"4","N0754","QUARTERLY","meanBaggedEAT200",0.0714434415821899,0.0551396927471853,3.83121149703075
"5","N0755","QUARTERLY","meanBaggedEAT200",0.0721459008076604,0.0586176447453882,5.27660473259894
