"","Series","Period","Method","RMSE","MAE","MAPE"
"1","N0756","QUARTERLY","meanBaggedEAT200",0.0730273199273721,0.0626110859911937,3.25642825876088
"2","N0757","QUARTERLY","meanBaggedEAT200",0.157186861386179,0.141751206418417,10.2620399934317
"3","N0758","QUARTERLY","meanBaggedEAT200",0.0717997793793229,0.0588763130181027,3.52262531742616
"4","N0759","QUARTERLY","meanBaggedEAT200",0.245816001072886,0.196658454794931,11.9312912465796
"5","N0760","QUARTERLY","meanBaggedEAT200",0.066664219221082,0.0579255230041061,4.06274165450106
