"","Series","Period","Method","RMSE","MAE","MAPE"
"1","N0761","QUARTERLY","meanBaggedEAT200",0.28824059617761,0.264461572098669,18.7349943353609
"2","N0762","QUARTERLY","meanBaggedEAT200",0.731052964052455,0.570418891132433,22.5420812020169
"3","N0763","QUARTERLY","meanBaggedEAT200",0.103192285915163,0.0764839493391637,5.74303887891815
"4","N0764","QUARTERLY","meanBaggedEAT200",0.089975259825953,0.0779751645069105,6.59238502206428
"5","N0765","QUARTERLY","meanBaggedEAT200",0.2060175117512,0.186160245491215,13.3315398921534
