"","Series","Period","Method","RMSE","MAE","MAPE"
"1","N0766","QUARTERLY","meanBaggedEAT200",0.242836033873027,0.198795026080041,10.6083711440891
"2","N0767","QUARTERLY","meanBaggedEAT200",0.17106517012131,0.160584632028341,13.4146003188872
"3","N0768","QUARTERLY","meanBaggedEAT200",0.491287071251318,0.441156764425747,23.4728756607604
"4","N0769","QUARTERLY","meanBaggedEAT200",0.0414766239180392,0.0350501726358028,2.58286404100159
"5","N0770","QUARTERLY","meanBaggedEAT200",0.162918009105362,0.144792319133395,12.9263287539828
