"","Series","Period","Method","RMSE","MAE","MAPE"
"1","N0771","QUARTERLY","meanBaggedEAT200",0.33824974222961,0.259593540637219,16.1119647103111
"2","N0772","QUARTERLY","meanBaggedEAT200",0.13265176061386,0.120253640446361,9.30209787395381
"3","N0773","QUARTERLY","meanBaggedEAT200",0.142957091493698,0.0969335872110821,8.96915254500458
"4","N0774","QUARTERLY","meanBaggedEAT200",0.320819786924449,0.252480807847152,16.7420015553781
"5","N0775","QUARTERLY","meanBaggedEAT200",0.0578907075628626,0.0468454247813129,2.48074625971118
