"","Series","Period","Method","RMSE","MAE","MAPE"
"1","N0776","QUARTERLY","meanBaggedEAT200",0.220372078513574,0.148277734170564,9.20317532236175
"2","N0777","QUARTERLY","meanBaggedEAT200",0.181494784763392,0.16252344383047,10.451796747568
"3","N0778","QUARTERLY","meanBaggedEAT200",0.515119324362593,0.468926906660288,30.6725201053483
"4","N0779","QUARTERLY","meanBaggedEAT200",0.0446140872699845,0.0382474035847499,3.54603663653225
"5","N0780","QUARTERLY","meanBaggedEAT200",0.0333857270821756,0.0282550189351734,2.22677790585607
