"","Series","Period","Method","RMSE","MAE","MAPE"
"1","N0781","QUARTERLY","meanBaggedEAT200",0.0664890605739458,0.0543391806679917,2.37157560972217
"2","N0782","QUARTERLY","meanBaggedEAT200",0.0671713273317498,0.0589636530877066,6.48382490843051
"3","N0783","QUARTERLY","meanBaggedEAT200",0.0330475290375854,0.0283564485082093,1.76665821696781
"4","N0784","QUARTERLY","meanBaggedEAT200",0.0580268031576408,0.0477191928536531,3.59770919774302
"5","N0785","QUARTERLY","meanBaggedEAT200",0.108573246336847,0.0957148240528725,6.0555110451707
