"","Series","Period","Method","RMSE","MAE","MAPE"
"1","N0786","QUARTERLY","meanBaggedEAT200",0.0331636007740546,0.0263362899044107,2.25754902854687
"2","N0787","QUARTERLY","meanBaggedEAT200",0.078107650654788,0.0652935779854892,3.5507279158138
"3","N0788","QUARTERLY","meanBaggedEAT200",0.0642672722468427,0.0599668336105936,5.14083064714445
"4","N0789","QUARTERLY","meanBaggedEAT200",0.0338224419938796,0.028364255921573,2.61117093521161
"5","N0790","QUARTERLY","meanBaggedEAT200",0.405474736528846,0.377353426192365,24.3033747363135
