"","Series","Period","Method","RMSE","MAE","MAPE"
"1","N0791","QUARTERLY","meanBaggedEAT200",0.328816306198807,0.278906233804928,19.0692626215318
"2","N0792","QUARTERLY","meanBaggedEAT200",0.106230396532244,0.0967364766708134,6.53121920513054
"3","N0793","QUARTERLY","meanBaggedEAT200",0.116149334152413,0.0975390316448308,5.98952791067628
"4","N0794","QUARTERLY","meanBaggedEAT200",0.0927203636649901,0.0880164883815674,6.93102361199569
"5","N0795","QUARTERLY","meanBaggedEAT200",0.142063734843565,0.126136578073358,13.3047009407339
