"","Series","Period","Method","RMSE","MAE","MAPE"
"1","N0806","QUARTERLY","meanBaggedEAT200",0.415389232550906,0.218796721881336,1514.4848016589
"2","N0807","QUARTERLY","meanBaggedEAT200",0.0711593582753212,0.0499164053798503,5.49463105486336
"3","N0808","QUARTERLY","meanBaggedEAT200",0.189899697118171,0.170848654365876,15.0748224627388
"4","N0809","QUARTERLY","meanBaggedEAT200",0.112917348398897,0.0931623609019225,6.8838299347565
"5","N0810","QUARTERLY","meanBaggedEAT200",0.127474791242965,0.114480326353698,10.5557007043419
