"","Series","Period","Method","RMSE","MAE","MAPE"
"1","N0811","QUARTERLY","meanBaggedEAT200",0.122647341423101,0.105386501277439,12.84405476625
"2","N0812","QUARTERLY","meanBaggedEAT200",0.103686380301355,0.0899701761240825,9.41736433537193
"3","N0813","QUARTERLY","meanBaggedEAT200",0.119481924095069,0.0900208621710565,8.63661727158677
"4","N0814","QUARTERLY","meanBaggedEAT200",0.111231291156752,0.0901514668097338,7.58647643215943
"5","N0815","QUARTERLY","meanBaggedEAT200",0.0581397434798169,0.0489864670035527,4.01859210765661
