"","Series","Period","Method","RMSE","MAE","MAPE"
"1","N0816","QUARTERLY","meanBaggedEAT200",0.0690347670011399,0.0429951935713659,3.83437168624228
"2","N0817","QUARTERLY","meanBaggedEAT200",0.231212661337875,0.191528290206342,17.8996853075586
"3","N0818","QUARTERLY","meanBaggedEAT200",0.0817143480284582,0.0659383249048985,4.96533167360019
"4","N0819","QUARTERLY","meanBaggedEAT200",0.635153895982757,0.617165403619403,50.7880693670932
"5","N0820","QUARTERLY","meanBaggedEAT200",0.237751727928559,0.187825332961209,29.6641995254009
