"","Series","Period","Method","RMSE","MAE","MAPE"
"1","N0821","QUARTERLY","meanBaggedEAT200",0.451293382575721,0.313324152650751,39.1280422068154
"2","N0822","QUARTERLY","meanBaggedEAT200",0.434011438891704,0.408455856276182,38.7296598784165
"3","N0823","QUARTERLY","meanBaggedEAT200",0.222064636035739,0.212675482736972,10.5037152219408
"4","N0824","QUARTERLY","meanBaggedEAT200",0.106693808425683,0.0870975102289845,6.71493160946935
"5","N0825","QUARTERLY","meanBaggedEAT200",0.0816240022789029,0.064745120623903,4.72149655441325
