"","Series","Period","Method","RMSE","MAE","MAPE"
"1","N0831","QUARTERLY","meanBaggedEAT200",0.316611812812506,0.298041138664289,23.954012795416
"2","N0832","QUARTERLY","meanBaggedEAT200",0.0817107969537594,0.0636797839973314,5.65365103807988
"3","N0833","QUARTERLY","meanBaggedEAT200",0.785689867941462,0.708385499507949,27.692966520748
"4","N0834","QUARTERLY","meanBaggedEAT200",0.780309835033096,0.595369537541826,115.23814166715
"5","N0835","QUARTERLY","meanBaggedEAT200",0.487094906101679,0.451748088226328,26.695209038985
