"","Series","Period","Method","RMSE","MAE","MAPE"
"1","N0836","QUARTERLY","meanBaggedEAT200",0.341759024600765,0.239518230444999,23.1247424298557
"2","N0837","QUARTERLY","meanBaggedEAT200",0.638688790091096,0.577158967159063,21.6584470108095
"3","N0838","QUARTERLY","meanBaggedEAT200",1.50211529545833,1.40728840888154,54.6125211329535
"4","N0839","QUARTERLY","meanBaggedEAT200",0.939291363336575,0.648874840036803,26.7250608056709
"5","N0840","QUARTERLY","meanBaggedEAT200",0.077509903019326,0.0586869425708512,5.51405715594308
