"","Series","Period","Method","RMSE","MAE","MAPE"
"1","N0081","YEARLY","meanBaggedEAT200",0.217287772541289,0.177185056662142,13.7289614888337
"2","N0082","YEARLY","meanBaggedEAT200",0.680762396399373,0.629872783547839,66.846355148532
"3","N0083","YEARLY","meanBaggedEAT200",0.200744675779738,0.170607283831339,10.8644645903296
"4","N0084","YEARLY","meanBaggedEAT200",0.997854833716513,0.836197257257607,40.6653772261433
"5","N0085","YEARLY","meanBaggedEAT200",0.0989013097967617,0.0901226723744797,4.92790142201833
