"","Series","Period","Method","RMSE","MAE","MAPE"
"1","N0851","QUARTERLY","meanBaggedEAT200",0.0368037037684856,0.0330986539552446,2.65870893899901
"2","N0852","QUARTERLY","meanBaggedEAT200",0.0177226191576476,0.0123103249475085,1.0699319430167
"3","N0853","QUARTERLY","meanBaggedEAT200",0.0498288803581854,0.0466117745549417,4.25895488337652
"4","N0854","QUARTERLY","meanBaggedEAT200",0.0468475091774423,0.0387457902483208,3.30590869126725
"5","N0855","QUARTERLY","meanBaggedEAT200",0.0436585450785865,0.0414355340167604,3.88846003628501
