"","Series","Period","Method","RMSE","MAE","MAPE"
"1","N0856","QUARTERLY","meanBaggedEAT200",0.0538107149732691,0.0430798639146078,3.40965060358595
"2","N0857","QUARTERLY","meanBaggedEAT200",0.094845834939573,0.0718820932850648,13.4471692228602
"3","N0858","QUARTERLY","meanBaggedEAT200",0.0509434848313968,0.0477244002315597,3.61205974254364
"4","N0859","QUARTERLY","meanBaggedEAT200",0.0044878291233765,0.00407278763485257,0.360784284786641
"5","N0860","QUARTERLY","meanBaggedEAT200",0.00508131211410758,0.0045870139529453,0.406968098625557
