"","Series","Period","Method","RMSE","MAE","MAPE"
"1","N0861","QUARTERLY","meanBaggedEAT200",0.00363011309985385,0.0026869779961481,0.230448410206536
"2","N0862","QUARTERLY","meanBaggedEAT200",0.0233635299584781,0.0199334659998489,2.12124114770957
"3","N0863","QUARTERLY","meanBaggedEAT200",0.0498769009730923,0.0446649038833238,7.22622842274328
"4","N0864","QUARTERLY","meanBaggedEAT200",0.0813395737142317,0.0680310986887377,6.43710420684391
"5","N0865","QUARTERLY","meanBaggedEAT200",0.0519447793026861,0.0401484491204067,3.76623260917543
