"","Series","Period","Method","RMSE","MAE","MAPE"
"1","N0866","QUARTERLY","meanBaggedEAT200",0.046747362011602,0.0428149600535689,13.7949098844349
"2","N0867","QUARTERLY","meanBaggedEAT200",0.144145128120934,0.114694808121771,16.8862811645398
"3","N0868","QUARTERLY","meanBaggedEAT200",0.31289783603378,0.304398823970583,24.3220763400857
"4","N0869","QUARTERLY","meanBaggedEAT200",0.115428401763379,0.0903318194834722,9.76375947889401
"5","N0870","QUARTERLY","meanBaggedEAT200",0.100189715923033,0.0782237264969968,6.07679795156404
