"","Series","Period","Method","RMSE","MAE","MAPE"
"1","N0871","QUARTERLY","meanBaggedEAT200",0.0816660714575799,0.0561633028160733,4.76088185112391
"2","N0872","QUARTERLY","meanBaggedEAT200",0.0685403091291197,0.0594053898878692,19.1064607022892
"3","N0873","QUARTERLY","meanBaggedEAT200",0.251539439724919,0.232120055529509,56.976776786587
"4","N0874","QUARTERLY","meanBaggedEAT200",0.242924222446743,0.232622070592015,20.0352814479101
"5","N0875","QUARTERLY","meanBaggedEAT200",0.0875148310961822,0.0756867582669908,4.11988621503161
