"","Series","Period","Method","RMSE","MAE","MAPE"
"1","N0876","QUARTERLY","meanBaggedEAT200",0.0714059411994648,0.0605469996537467,3.4870096294582
"2","N0877","QUARTERLY","meanBaggedEAT200",0.124212701898845,0.115019597492184,7.02046964848057
"3","N0878","QUARTERLY","meanBaggedEAT200",0.269407947160978,0.245623350519825,14.6485086564802
"4","N0879","QUARTERLY","meanBaggedEAT200",0.0514080729645424,0.0451196081336819,2.39686138767649
"5","N0880","QUARTERLY","meanBaggedEAT200",0.0728464780895247,0.0593245431040373,3.40535809068337
