"","Series","Period","Method","RMSE","MAE","MAPE"
"1","N0881","QUARTERLY","meanBaggedEAT200",0.0330757243809896,0.0295789766757149,1.70286709030851
"2","N0882","QUARTERLY","meanBaggedEAT200",0.0680388433422641,0.0523612620580821,2.38379138273537
"3","N0883","QUARTERLY","meanBaggedEAT200",0.0876422064848961,0.0681101125110809,2.77460022863186
"4","N0884","QUARTERLY","meanBaggedEAT200",0.0387705815763464,0.0290750316112102,2.41782079923818
"5","N0885","QUARTERLY","meanBaggedEAT200",0.165226542577699,0.138941904046083,9.48238003915408
