"","Series","Period","Method","RMSE","MAE","MAPE"
"1","N0886","QUARTERLY","meanBaggedEAT200",0.148803603784978,0.14114378566048,12.0170393902561
"2","N0887","QUARTERLY","meanBaggedEAT200",0.075436597252189,0.0655331255639901,5.5653996156411
"3","N0888","QUARTERLY","meanBaggedEAT200",0.0549140462932801,0.0391845521089111,4.12233152120095
"4","N0889","QUARTERLY","meanBaggedEAT200",0.0939260984615287,0.0569080601400054,5.15659143377567
"5","N0890","QUARTERLY","meanBaggedEAT200",0.0835158381739627,0.0621955587750944,5.69848888741024
