"","Series","Period","Method","RMSE","MAE","MAPE"
"1","N0086","YEARLY","meanBaggedEAT200",0.391671211494124,0.355393866882443,18.0999454697419
"2","N0087","YEARLY","meanBaggedEAT200",0.210961578931382,0.1570401759207,14.817405765379
"3","N0088","YEARLY","meanBaggedEAT200",0.255877672855167,0.214147808195352,8.57412028398108
"4","N0089","YEARLY","meanBaggedEAT200",0.303568569702168,0.285049890199568,13.7285275913549
"5","N0090","YEARLY","meanBaggedEAT200",0.187590392212021,0.167943680876502,10.1326046852208
