"","Series","Period","Method","RMSE","MAE","MAPE"
"1","N0896","QUARTERLY","meanBaggedEAT200",0.0323172920914056,0.025337638416585,2.47245503803609
"2","N0897","QUARTERLY","meanBaggedEAT200",0.0410494682409062,0.0344955705704664,3.64646866678013
"3","N0898","QUARTERLY","meanBaggedEAT200",0.0439772487466519,0.0360480326528615,5.28533875142343
"4","N0899","QUARTERLY","meanBaggedEAT200",0.0455413355357584,0.0355172496484847,2.94903561633425
"5","N0900","QUARTERLY","meanBaggedEAT200",0.0273251431423852,0.0232740369488555,2.255949833949
