"","Series","Period","Method","RMSE","MAE","MAPE"
"1","N0916","QUARTERLY","meanBaggedEAT200",0.0792521348794653,0.0688012848900829,6.63258941211255
"2","N0917","QUARTERLY","meanBaggedEAT200",0.111271573971121,0.0921702304232289,9.01749935790241
"3","N0918","QUARTERLY","meanBaggedEAT200",0.211104623856074,0.180811969687057,13.3493901959903
"4","N0919","QUARTERLY","meanBaggedEAT200",0.167075739836572,0.145048204976245,13.3541700345022
"5","N0920","QUARTERLY","meanBaggedEAT200",0.340107901697456,0.282605504911555,19.6411152907636
