"","Series","Period","Method","RMSE","MAE","MAPE"
"1","N0921","QUARTERLY","meanBaggedEAT200",0.235140536071615,0.21769548125451,11.4665432556758
"2","N0922","QUARTERLY","meanBaggedEAT200",0.0967149604770208,0.0830061225673516,7.016683281622
"3","N0923","QUARTERLY","meanBaggedEAT200",0.172750669631075,0.168319002281168,12.713841587396
"4","N0924","QUARTERLY","meanBaggedEAT200",0.100394285460506,0.0768973349347191,5.51415212620951
"5","N0925","QUARTERLY","meanBaggedEAT200",0.240636097577475,0.190623667170304,17.4611363359168
