"","Series","Period","Method","RMSE","MAE","MAPE"
"1","N0926","QUARTERLY","meanBaggedEAT200",0.570701798527556,0.543393151666931,44.7193319559239
"2","N0927","QUARTERLY","meanBaggedEAT200",0.418844885613844,0.357342931453878,20.2986366956631
"3","N0928","QUARTERLY","meanBaggedEAT200",0.0789509034134966,0.0654379474124743,4.1872403394933
"4","N0929","QUARTERLY","meanBaggedEAT200",0.368859656220291,0.366093608177381,22.4817114630067
"5","N0930","QUARTERLY","meanBaggedEAT200",0.0839842468527349,0.0676096409833015,5.33210425802997
