"","Series","Period","Method","RMSE","MAE","MAPE"
"1","N0931","QUARTERLY","meanBaggedEAT200",0.0530622623613046,0.0407228786447017,3.63514457616583
"2","N0932","QUARTERLY","meanBaggedEAT200",0.0673673807802789,0.0608803806996345,5.60175746053762
"3","N0933","QUARTERLY","meanBaggedEAT200",0.0220252116098665,0.021274824541762,1.80995265659258
"4","N0934","QUARTERLY","meanBaggedEAT200",0.0141587825270623,0.00974897476028998,0.815409560685932
"5","N0935","QUARTERLY","meanBaggedEAT200",0.00812552086922195,0.00556392697905196,0.493391714452811
