"","Series","Period","Method","RMSE","MAE","MAPE"
"1","N0936","QUARTERLY","meanBaggedEAT200",0.010132194533907,0.00833659282798158,0.802434612529493
"2","N0937","QUARTERLY","meanBaggedEAT200",0.0965341452198697,0.0921810349350653,8.64322527017322
"3","N0938","QUARTERLY","meanBaggedEAT200",0.0104537971016277,0.0095177092685268,0.820021673495507
"4","N0939","QUARTERLY","meanBaggedEAT200",0.0316521551530771,0.02425164674254,2.01829031750644
"5","N0940","QUARTERLY","meanBaggedEAT200",0.00848716733150236,0.00518141099026272,0.447812262460361
