"","Series","Period","Method","RMSE","MAE","MAPE"
"1","N0941","QUARTERLY","meanBaggedEAT200",0.0210043212734514,0.0148715153795833,1.14260409756934
"2","N0942","QUARTERLY","meanBaggedEAT200",0.0238075816901824,0.0214779955127549,1.82939653046226
"3","N0943","QUARTERLY","meanBaggedEAT200",0.0105115270099103,0.00851047055000257,0.735977830485534
"4","N0944","QUARTERLY","meanBaggedEAT200",0.0549757009952189,0.0495695899071811,4.59647215290687
"5","N0945","QUARTERLY","meanBaggedEAT200",0.0309587362324202,0.0281119797614512,2.4980517327635
