"","Series","Period","Method","RMSE","MAE","MAPE"
"1","N0091","YEARLY","meanBaggedEAT200",0.739763946242246,0.56458962725389,19.4978946088051
"2","N0092","YEARLY","meanBaggedEAT200",1.16308025264147,0.846012268211843,26.66422077056
"3","N0093","YEARLY","meanBaggedEAT200",0.866245917915287,0.695750319018078,19.1841680536794
"4","N0094","YEARLY","meanBaggedEAT200",0.923441187448665,0.8187273024297,46.555295102667
"5","N0095","YEARLY","meanBaggedEAT200",0.296088874679914,0.264900924626295,17.4730108769008
