"","Series","Period","Method","RMSE","MAE","MAPE"
"1","N0946","QUARTERLY","meanBaggedEAT200",0.0136801083359645,0.0133297907394106,1.19326247011011
"2","N0947","QUARTERLY","meanBaggedEAT200",0.0112752952928186,0.0102101399395761,0.898732725333296
"3","N0948","QUARTERLY","meanBaggedEAT200",0.00749735770106414,0.00638066247276382,0.54220895569591
"4","N0949","QUARTERLY","meanBaggedEAT200",0.0107442716582954,0.00983090706190843,0.825628487688733
"5","N0950","QUARTERLY","meanBaggedEAT200",0.0175956640649396,0.016990007669565,1.47226138802423
