"","Series","Period","Method","RMSE","MAE","MAPE"
"1","N0951","QUARTERLY","meanBaggedEAT200",0.0224461755561643,0.0207261904133294,2.0262786060461
"2","N0952","QUARTERLY","meanBaggedEAT200",0.100501513477251,0.0894665332277083,8.27497176593416
"3","N0953","QUARTERLY","meanBaggedEAT200",0.00684919008361737,0.00636265632648886,0.542778118180674
"4","N0954","QUARTERLY","meanBaggedEAT200",0.0273886669082677,0.0255549235430762,2.13953975884952
"5","N0955","QUARTERLY","meanBaggedEAT200",0.00464117308300409,0.00357860559360778,0.29706006641851
