"","Series","Period","Method","RMSE","MAE","MAPE"
"1","N0956","QUARTERLY","meanBaggedEAT200",0.0165245000671669,0.0128639233447069,1.03249544438132
"2","N0957","QUARTERLY","meanBaggedEAT200",0.00672392740317357,0.00571378201598969,0.487365369094135
"3","N0958","QUARTERLY","meanBaggedEAT200",0.0138934145816035,0.0110602060264796,1.04209154329476
"4","N0959","QUARTERLY","meanBaggedEAT200",0.015649827011943,0.0130328218025631,1.19431808232565
"5","N0960","QUARTERLY","meanBaggedEAT200",0.0132850168829246,0.00881887464677959,0.798278478541022
