"","Series","Period","Method","RMSE","MAE","MAPE"
"1","N0971","QUARTERLY","meanBaggedEAT200",0.00981803066586355,0.00841171040505844,0.737673731126383
"2","N0972","QUARTERLY","meanBaggedEAT200",0.00722095815573782,0.00637801691308197,0.580121446887381
"3","N0973","QUARTERLY","meanBaggedEAT200",0.0224480284243754,0.0173725035726335,1.46336692124437
"4","N0974","QUARTERLY","meanBaggedEAT200",0.00898753006722891,0.00694554553332141,0.626452179039168
"5","N0975","QUARTERLY","meanBaggedEAT200",0.00789714970288507,0.00743669286832034,0.603973534355255
