"","Series","Period","Method","RMSE","MAE","MAPE"
"1","N0981","QUARTERLY","meanBaggedEAT200",0.0928082083582625,0.0709990152205756,8.51496167530294
"2","N0982","QUARTERLY","meanBaggedEAT200",0.226774533431756,0.211608379538723,24.8496602947283
"3","N0983","QUARTERLY","meanBaggedEAT200",0.0505032608252128,0.0450782878175102,3.84121993181541
"4","N0984","QUARTERLY","meanBaggedEAT200",0.0522079941773941,0.0444137894278271,3.44716501475613
"5","N0985","QUARTERLY","meanBaggedEAT200",0.0244168651574307,0.0203326526928518,1.74868943828718
