"","Series","Period","Method","RMSE","MAE","MAPE"
"1","N0986","QUARTERLY","meanBaggedEAT200",0.121766831219606,0.103666238659388,7.25390602915974
"2","N0987","QUARTERLY","meanBaggedEAT200",0.0441516784997776,0.0282986988744956,2.44678674818654
"3","N0988","QUARTERLY","meanBaggedEAT200",0.157408213411556,0.150848959650028,18.8063819608326
"4","N0989","QUARTERLY","meanBaggedEAT200",0.221470463210048,0.20322614573741,19.351084185879
"5","N0990","QUARTERLY","meanBaggedEAT200",0.0813553835692696,0.0641786943768607,5.51452665143802
