"","Series","Period","Method","RMSE","MAE","MAPE"
"1","N0991","QUARTERLY","meanBaggedEAT200",0.0410128477722234,0.0371585842570948,3.25553972125189
"2","N0992","QUARTERLY","meanBaggedEAT200",0.0448787928278006,0.03966006429895,3.95343392764568
"3","N0993","QUARTERLY","meanBaggedEAT200",0.124597499335647,0.118053762366216,7.5319110174511
"4","N0994","QUARTERLY","meanBaggedEAT200",0.0578390155323497,0.0524777984882226,3.65990634623528
"5","N0995","QUARTERLY","meanBaggedEAT200",0.041549461695546,0.0353245836392561,2.65752551480139
