"","Series","Period","Method","RMSE","MAE","MAPE"
"1","N0096","YEARLY","meanBaggedEAT200",0.247642310397016,0.230463741865576,14.8540986844914
"2","N0097","YEARLY","meanBaggedEAT200",0.107241082224554,0.0850666644154519,6.08200447756623
"3","N0098","YEARLY","meanBaggedEAT200",0.323521585588802,0.259340463566403,25.0101924442452
"4","N0099","YEARLY","meanBaggedEAT200",0.337068154199427,0.28013192274501,31.9624629238771
"5","N0100","YEARLY","meanBaggedEAT200",0.470872870192135,0.409988952922223,24.0723493430093
