"","Series","Period","Method","RMSE","MAE","MAPE"
"1","N0996","QUARTERLY","meanBaggedEAT200",0.024626225039575,0.0173906955698708,1.42458771417512
"2","N0997","QUARTERLY","meanBaggedEAT200",0.068124758392935,0.0493295050078356,4.78921994564119
"3","N0998","QUARTERLY","meanBaggedEAT200",0.0543109886575771,0.0469483763797734,3.41201194891903
"4","N0999","QUARTERLY","meanBaggedEAT200",0.0982838562228289,0.0784637477998888,5.07669279976464
"5","N1000","QUARTERLY","meanBaggedEAT200",0.0599130082254085,0.0527674519191842,4.03089716652134
