"","Series","Period","Method","RMSE","MAE","MAPE"
"1","N1001","QUARTERLY","meanBaggedEAT200",0.0219356993221966,0.0186369555386007,1.22604117214787
"2","N1002","QUARTERLY","meanBaggedEAT200",0.0127837931768341,0.0112103765805695,0.816732344236964
"3","N1003","QUARTERLY","meanBaggedEAT200",0.0528539992778525,0.0443925158963387,3.03296476016904
"4","N1004","QUARTERLY","meanBaggedEAT200",0.063729435835331,0.0587981362944132,5.09026569297568
"5","N1005","QUARTERLY","meanBaggedEAT200",0.0149586955107554,0.0129672754528196,1.07147726245639
