"","Series","Period","Method","RMSE","MAE","MAPE"
"1","N1006","QUARTERLY","meanBaggedEAT200",0.0165176519725479,0.0128055787347645,1.06703638211017
"2","N1007","QUARTERLY","meanBaggedEAT200",0.0305451981221412,0.0265706573987137,1.69758949249293
"3","N1008","QUARTERLY","meanBaggedEAT200",0.0686035928487854,0.0547867328797153,4.02151155304229
"4","N1009","QUARTERLY","meanBaggedEAT200",0.0489676103971637,0.0409506606392504,2.79646440252998
"5","N1010","QUARTERLY","meanBaggedEAT200",0.05642637473154,0.0501298815087454,3.43381843121281
