"","Series","Period","Method","RMSE","MAE","MAPE"
"1","N1016","QUARTERLY","meanBaggedEAT200",0.120814762481483,0.110222633634257,7.29232235380633
"2","N1017","QUARTERLY","meanBaggedEAT200",0.0319206000050941,0.0236061862382235,1.7499988915702
"3","N1018","QUARTERLY","meanBaggedEAT200",0.0411142202753879,0.0373282266498468,3.35257339757287
"4","N1019","QUARTERLY","meanBaggedEAT200",0.0478392825536508,0.0415464194377663,3.5575181521479
"5","N1020","QUARTERLY","meanBaggedEAT200",0.0500783554040108,0.0369510278002421,3.14086066010628
