"","Series","Period","Method","RMSE","MAE","MAPE"
"1","N1021","QUARTERLY","meanBaggedEAT200",0.0328055684071021,0.0282022681592644,2.16907751220572
"2","N1022","QUARTERLY","meanBaggedEAT200",0.05705515026752,0.0458946889049171,3.32072176264373
"3","N1023","QUARTERLY","meanBaggedEAT200",0.0303027683358803,0.0283003643076573,1.68528021085793
"4","N1024","QUARTERLY","meanBaggedEAT200",0.143930022897788,0.136912532773547,10.4698606728991
"5","N1025","QUARTERLY","meanBaggedEAT200",0.0411443462402429,0.0256059012248658,1.36183019072353
