"","Series","Period","Method","RMSE","MAE","MAPE"
"1","N1026","QUARTERLY","meanBaggedEAT200",0.0685001456466683,0.0578136074380329,3.52218563963086
"2","N1027","QUARTERLY","meanBaggedEAT200",0.0660761662470849,0.0636307856070257,3.94895703817993
"3","N1028","QUARTERLY","meanBaggedEAT200",0.00728969404624895,0.00635977750026662,0.539646683749545
"4","N1029","QUARTERLY","meanBaggedEAT200",0.0276966584132537,0.0249714117873475,1.97251745630857
"5","N1030","QUARTERLY","meanBaggedEAT200",0.0944208080366172,0.0909217288326031,9.26549821753615
