"","Series","Period","Method","RMSE","MAE","MAPE"
"1","N1036","QUARTERLY","meanBaggedEAT200",0.096232509540732,0.0927997413455176,7.78712057047823
"2","N1037","QUARTERLY","meanBaggedEAT200",0.0393622205020288,0.0332530732253561,2.713322065363
"3","N1038","QUARTERLY","meanBaggedEAT200",0.100049069115618,0.0952362924140182,5.9177359994047
"4","N1039","QUARTERLY","meanBaggedEAT200",0.0453169660667305,0.042348287503838,2.61662984677561
"5","N1040","QUARTERLY","meanBaggedEAT200",0.105807649275246,0.0957587878760014,6.08246909608364
