"","Series","Period","Method","RMSE","MAE","MAPE"
"1","N1046","QUARTERLY","meanBaggedEAT200",0.014991954800067,0.0142099908659173,1.20946356213485
"2","N1047","QUARTERLY","meanBaggedEAT200",0.022785118166497,0.022048775364778,1.87538331722426
"3","N1048","QUARTERLY","meanBaggedEAT200",0.0239561399417052,0.0194893964628383,1.20070050821997
"4","N1049","QUARTERLY","meanBaggedEAT200",0.221040083123233,0.195440283130452,15.3957412384088
"5","N1050","QUARTERLY","meanBaggedEAT200",0.0742333707039032,0.065055126220849,4.41953324373567
