"","Series","Period","Method","RMSE","MAE","MAPE"
"1","N1056","QUARTERLY","meanBaggedEAT200",0.160532911700615,0.141249208323274,8.84166856053024
"2","N1057","QUARTERLY","meanBaggedEAT200",0.138722640502064,0.127293337635684,9.78020499335798
"3","N1058","QUARTERLY","meanBaggedEAT200",0.099624324118135,0.0950706615976651,8.30639945757825
"4","N1059","QUARTERLY","meanBaggedEAT200",0.121202236980877,0.117793361498881,12.2107803593364
"5","N1060","QUARTERLY","meanBaggedEAT200",0.0918127992615227,0.0884717863376569,9.01529141957346
