"","Series","Period","Method","RMSE","MAE","MAPE"
"1","N1061","QUARTERLY","meanBaggedEAT200",0.0659752231402924,0.0516071474902002,4.98519309837693
"2","N1062","QUARTERLY","meanBaggedEAT200",0.269543646852982,0.254401814403482,26.1444531903403
"3","N1063","QUARTERLY","meanBaggedEAT200",0.21183562735466,0.196401547622584,21.6165459999917
"4","N1064","QUARTERLY","meanBaggedEAT200",0.0762523760707649,0.0691156567069857,6.18822157724747
"5","N1065","QUARTERLY","meanBaggedEAT200",0.106060524176638,0.0996168858162326,10.2302398054565
