"","Series","Period","Method","RMSE","MAE","MAPE"
"1","N1066","QUARTERLY","meanBaggedEAT200",0.0315895625429611,0.0256075798805882,1.61675893865605
"2","N1067","QUARTERLY","meanBaggedEAT200",0.0283067447705879,0.0224060697116134,1.53444532405514
"3","N1068","QUARTERLY","meanBaggedEAT200",0.122268126911631,0.117162555016713,6.82602095277569
"4","N1069","QUARTERLY","meanBaggedEAT200",0.0200010806626286,0.0160409393535597,1.08679261645244
"5","N1070","QUARTERLY","meanBaggedEAT200",0.0166675699125358,0.0141502103400458,0.782725816928003
