"","Series","Period","Method","RMSE","MAE","MAPE"
"1","N1076","QUARTERLY","meanBaggedEAT200",0.00799699529058817,0.00662579968764707,0.563905334286055
"2","N1077","QUARTERLY","meanBaggedEAT200",0.0463194135219102,0.0418611443127583,2.92165710986838
"3","N1078","QUARTERLY","meanBaggedEAT200",0.08143152506127,0.0773845789295041,5.3771194696478
"4","N1079","QUARTERLY","meanBaggedEAT200",0.0357294053278579,0.0282701112362953,1.8427290652419
"5","N1080","QUARTERLY","meanBaggedEAT200",0.050519511909928,0.0424220180404445,2.72977106797085
