"","Series","Period","Method","RMSE","MAE","MAPE"
"1","N1081","QUARTERLY","meanBaggedEAT200",0.0701493594073832,0.0620778705608058,4.0781412768644
"2","N1082","QUARTERLY","meanBaggedEAT200",0.0230473970954605,0.0205005814290054,1.40197164118786
"3","N1083","QUARTERLY","meanBaggedEAT200",0.015258342231422,0.0130749694144218,1.12391839769696
"4","N1084","QUARTERLY","meanBaggedEAT200",0.022850721617811,0.0176596738941423,1.5893337703379
"5","N1085","QUARTERLY","meanBaggedEAT200",0.0200338872581726,0.0177448986004779,1.38145445654079
