"","Series","Period","Method","RMSE","MAE","MAPE"
"1","N0106","YEARLY","meanBaggedEAT200",0.31278264986533,0.295002690894329,19.8650767123884
"2","N0107","YEARLY","meanBaggedEAT200",0.204778918666965,0.188015373003444,26.6849962618211
"3","N0108","YEARLY","meanBaggedEAT200",0.629898207264105,0.499818068527677,24.5645122580507
"4","N0109","YEARLY","meanBaggedEAT200",0.402658239479258,0.354859891102093,233.178484372413
"5","N0110","YEARLY","meanBaggedEAT200",0.726983037692017,0.485524391199425,126.326332489976
