"","Series","Period","Method","RMSE","MAE","MAPE"
"1","N1096","QUARTERLY","meanBaggedEAT200",0.141559446586045,0.115180150553861,9.31730640355287
"2","N1097","QUARTERLY","meanBaggedEAT200",0.0653868552424191,0.0595829488933767,4.00926720828325
"3","N1098","QUARTERLY","meanBaggedEAT200",0.0406618087575442,0.0355975791966477,2.53261389658473
"4","N1099","QUARTERLY","meanBaggedEAT200",0.0232498802037532,0.0207049128114104,1.41663357018142
"5","N1100","QUARTERLY","meanBaggedEAT200",0.077033014084472,0.069742730615951,6.99532446396953
