"","Series","Period","Method","RMSE","MAE","MAPE"
"1","N1106","QUARTERLY","meanBaggedEAT200",0.0132350218687748,0.00954523325600377,0.794066599002219
"2","N1107","QUARTERLY","meanBaggedEAT200",0.0253724547648111,0.0230858003109885,1.5284671470727
"3","N1108","QUARTERLY","meanBaggedEAT200",0.0225464271870522,0.0186805884495141,1.47048439505326
"4","N1109","QUARTERLY","meanBaggedEAT200",0.066151917441846,0.058910789438033,4.49609120533342
"5","N1110","QUARTERLY","meanBaggedEAT200",0.0413252992423598,0.0362067193508952,2.48369839415511
