"","Series","Period","Method","RMSE","MAE","MAPE"
"1","N1111","QUARTERLY","meanBaggedEAT200",0.0170879387426209,0.015443766930739,1.10021788460034
"2","N1112","QUARTERLY","meanBaggedEAT200",0.0171842648611386,0.0165953115541809,1.43800124921705
"3","N1113","QUARTERLY","meanBaggedEAT200",0.00877959614204377,0.00794434399509021,0.677773380742549
"4","N1114","QUARTERLY","meanBaggedEAT200",0.0372197908358301,0.034608596711041,2.93000388534395
"5","N1115","QUARTERLY","meanBaggedEAT200",0.0416783396043176,0.0352743328315471,2.65564524645863
