"","Series","Period","Method","RMSE","MAE","MAPE"
"1","N1116","QUARTERLY","meanBaggedEAT200",0.0542492909870584,0.047942972105236,3.28548127028393
"2","N1117","QUARTERLY","meanBaggedEAT200",0.00807086275322157,0.0054297468139418,0.481415768648353
"3","N1118","QUARTERLY","meanBaggedEAT200",0.0310869159055562,0.0285443900399354,2.63001620252577
"4","N1119","QUARTERLY","meanBaggedEAT200",0.0433543997698728,0.0393225411250742,3.9085154038577
"5","N1120","QUARTERLY","meanBaggedEAT200",0.028571558110052,0.0261717115206395,2.58274863962862
