"","Series","Period","Method","RMSE","MAE","MAPE"
"1","N1126","QUARTERLY","meanBaggedEAT200",0.040621795318254,0.031849606173994,2.51479433234404
"2","N1127","QUARTERLY","meanBaggedEAT200",0.0525219705305689,0.0476040247627717,3.51860225773887
"3","N1128","QUARTERLY","meanBaggedEAT200",0.0359115470388957,0.0348525192797778,2.77527975305488
"4","N1129","QUARTERLY","meanBaggedEAT200",0.021817600048077,0.0170543107062117,1.34461954522067
"5","N1130","QUARTERLY","meanBaggedEAT200",0.217804751054047,0.196060406741287,13.3281702234738
