"","Series","Period","Method","RMSE","MAE","MAPE"
"1","N1131","QUARTERLY","meanBaggedEAT200",0.165422472752979,0.135151947047982,11.9811809636506
"2","N1132","QUARTERLY","meanBaggedEAT200",0.0456755598856669,0.0437466118069576,3.65021746472272
"3","N1133","QUARTERLY","meanBaggedEAT200",0.0225306914197956,0.0182464828632712,1.43704895701443
"4","N1134","QUARTERLY","meanBaggedEAT200",0.048854915418004,0.045353584239769,3.42343475464094
"5","N1135","QUARTERLY","meanBaggedEAT200",0.0422491510594059,0.039119883722699,3.36898474222538
