"","Series","Period","Method","RMSE","MAE","MAPE"
"1","N1136","QUARTERLY","meanBaggedEAT200",0.0382104832635223,0.0355273419005254,3.00798087299577
"2","N1137","QUARTERLY","meanBaggedEAT200",0.0512210253455434,0.0379538434243346,3.60467808588404
"3","N1138","QUARTERLY","meanBaggedEAT200",0.100352124647731,0.0703827123507007,7.46746259462157
"4","N1139","QUARTERLY","meanBaggedEAT200",0.0862292500529905,0.0775496777396976,5.42034792708337
"5","N1140","QUARTERLY","meanBaggedEAT200",0.0355058447535672,0.033006570981652,2.7941664524329
