"","Series","Period","Method","RMSE","MAE","MAPE"
"1","N1141","QUARTERLY","meanBaggedEAT200",0.0486617537719569,0.0422803668875498,3.22853837938627
"2","N1142","QUARTERLY","meanBaggedEAT200",0.0367810849828769,0.0346755190383992,2.65724593613157
"3","N1143","QUARTERLY","meanBaggedEAT200",0.0429578586788822,0.0357578171075852,3.12575512056406
"4","N1144","QUARTERLY","meanBaggedEAT200",0.0704876694079449,0.0697143699373933,6.93543639755584
"5","N1145","QUARTERLY","meanBaggedEAT200",0.00512498036298637,0.00424433345373661,0.406844102471956
