"","Series","Period","Method","RMSE","MAE","MAPE"
"1","N0111","YEARLY","meanBaggedEAT200",0.543106382823885,0.371884382311371,718.961455231611
"2","N0112","YEARLY","meanBaggedEAT200",0.204140184563247,0.170472245143933,9.04969475984539
"3","N0113","YEARLY","meanBaggedEAT200",3.8246873343473,3.41530028787308,185.214178036017
"4","N0114","YEARLY","meanBaggedEAT200",1.29642177503705,1.25191675679463,36.7389085721279
"5","N0115","YEARLY","meanBaggedEAT200",1.78544389080376,1.71001274009033,33.2069382399518
