"","Series","Period","Method","RMSE","MAE","MAPE"
"1","N1146","QUARTERLY","meanBaggedEAT200",0.0129893755992469,0.0126906388230325,1.03833522280876
"2","N1147","QUARTERLY","meanBaggedEAT200",0.0136653539683108,0.0116310002472363,1.02404828099551
"3","N1148","QUARTERLY","meanBaggedEAT200",0.0171993562918935,0.0166178823262136,1.43993889535362
"4","N1149","QUARTERLY","meanBaggedEAT200",0.0142702654697425,0.011526019586964,1.01891623763057
"5","N1150","QUARTERLY","meanBaggedEAT200",0.0225253593158812,0.0195218286533562,1.72217115311255
