"","Series","Period","Method","RMSE","MAE","MAPE"
"1","N1151","QUARTERLY","meanBaggedEAT200",0.0849546131250716,0.0624244097968144,6.61937588855451
"2","N1152","QUARTERLY","meanBaggedEAT200",0.0399802598280966,0.0354644168019229,2.88697036746224
"3","N1153","QUARTERLY","meanBaggedEAT200",0.0439580639607744,0.0365071570551648,3.27607384049435
"4","N1154","QUARTERLY","meanBaggedEAT200",0.0148817362964084,0.0103850767137145,0.934680923781849
"5","N1155","QUARTERLY","meanBaggedEAT200",0.0216985316630876,0.0187947336286957,1.81827706775544
