"","Series","Period","Method","RMSE","MAE","MAPE"
"1","N1166","QUARTERLY","meanBaggedEAT200",0.0141459144725806,0.0118653346250317,1.06560831078093
"2","N1167","QUARTERLY","meanBaggedEAT200",0.0982739971981172,0.0781367603801715,6.04717409215641
"3","N1168","QUARTERLY","meanBaggedEAT200",0.0148521079596742,0.0103723600967186,0.932654529251773
"4","N1169","QUARTERLY","meanBaggedEAT200",0.0340878530177895,0.0267537970073366,2.42580344929945
"5","N1170","QUARTERLY","meanBaggedEAT200",0.0161868892490439,0.0145320597219707,1.23364513100447
