"","Series","Period","Method","RMSE","MAE","MAPE"
"1","N1171","QUARTERLY","meanBaggedEAT200",0.0819778852383588,0.0712137064341683,6.77485512194056
"2","N1172","QUARTERLY","meanBaggedEAT200",0.0143858883539134,0.0100089854243295,0.900981401335727
"3","N1173","QUARTERLY","meanBaggedEAT200",0.0239291653753493,0.0158922312225889,1.47211611403523
"4","N1174","QUARTERLY","meanBaggedEAT200",0.0116597275802736,0.00983178829601832,0.929782632488827
"5","N1175","QUARTERLY","meanBaggedEAT200",0.0121222087428749,0.00959285676232675,0.929244479204099
