"","Series","Period","Method","RMSE","MAE","MAPE"
"1","N1176","QUARTERLY","meanBaggedEAT200",0.272648120613627,0.225457550983185,20.710376246979
"2","N1177","QUARTERLY","meanBaggedEAT200",0.12713120523394,0.102150803812555,8.93302279796987
"3","N1178","QUARTERLY","meanBaggedEAT200",0.106544787323888,0.0786517468160376,8.10030969142509
"4","N1179","QUARTERLY","meanBaggedEAT200",0.0856264785622872,0.0633927246903716,6.71727310844947
"5","N1180","QUARTERLY","meanBaggedEAT200",0.146799991700657,0.114209831631658,11.7067400806679
