"","Series","Period","Method","RMSE","MAE","MAPE"
"1","N1181","QUARTERLY","meanBaggedEAT200",0.09626431989062,0.079731740248469,9.3755808194648
"2","N1182","QUARTERLY","meanBaggedEAT200",0.0755082678586562,0.0688886167586203,5.96498830086933
"3","N1183","QUARTERLY","meanBaggedEAT200",0.020942029245666,0.0185988543998203,1.74923940236728
"4","N1184","QUARTERLY","meanBaggedEAT200",0.0156977228736675,0.0132031881701961,1.12228714825074
"5","N1185","QUARTERLY","meanBaggedEAT200",0.019752613114473,0.0171117341627063,1.50905441209998
