"","Series","Period","Method","RMSE","MAE","MAPE"
"1","N1186","QUARTERLY","meanBaggedEAT200",0.0145266039541831,0.011746984633152,1.03835148996616
"2","N1187","QUARTERLY","meanBaggedEAT200",0.0281581917931892,0.0255572002988858,2.45751032926666
"3","N1188","QUARTERLY","meanBaggedEAT200",0.0208413364307454,0.0179320431271118,1.73405031760295
"4","N1189","QUARTERLY","meanBaggedEAT200",0.0225398390759077,0.0197205286086606,1.80940121262385
"5","N1190","QUARTERLY","meanBaggedEAT200",0.0277615751114995,0.0211043530212185,1.87623265994368
