"","Series","Period","Method","RMSE","MAE","MAPE"
"1","N1191","QUARTERLY","meanBaggedEAT200",0.0883472554425362,0.0800819628564739,7.07518290023854
"2","N1192","QUARTERLY","meanBaggedEAT200",0.0278504727439056,0.02387441209475,2.0112719647453
"3","N1193","QUARTERLY","meanBaggedEAT200",0.0146042628220779,0.0117468765156062,1.03817853161613
"4","N1194","QUARTERLY","meanBaggedEAT200",0.0217732960203094,0.0190832499658432,1.84789491465756
"5","N1195","QUARTERLY","meanBaggedEAT200",0.0331947890408907,0.0252440796893062,1.79422044228965
