"","Series","Period","Method","RMSE","MAE","MAPE"
"1","N1196","QUARTERLY","meanBaggedEAT200",0.135045837959345,0.113810467179848,7.60685219167615
"2","N1197","QUARTERLY","meanBaggedEAT200",0.0260422108337067,0.0232193317888251,1.96336870213862
"3","N1198","QUARTERLY","meanBaggedEAT200",0.122224864989,0.119831370882977,10.9948789653337
"4","N1199","QUARTERLY","meanBaggedEAT200",0.0156009648451966,0.0117882807191241,0.946180865360531
"5","N1200","QUARTERLY","meanBaggedEAT200",0.00969230101862789,0.00816271169301171,0.716806101099986
