"","Series","Period","Method","RMSE","MAE","MAPE"
"1","N1201","QUARTERLY","meanBaggedEAT200",0.123099046988634,0.104933072821779,7.34231396615332
"2","N1202","QUARTERLY","meanBaggedEAT200",0.0223465879497945,0.0185661534755041,1.34820417640388
"3","N1203","QUARTERLY","meanBaggedEAT200",0.109422987506653,0.105518247262342,7.50163878143437
"4","N1204","QUARTERLY","meanBaggedEAT200",0.0260104677020411,0.0186011539419165,1.43560980301025
"5","N1205","QUARTERLY","meanBaggedEAT200",0.00620787612378332,0.00491163268804407,0.439150180142929
