"","Series","Period","Method","RMSE","MAE","MAPE"
"1","N1206","QUARTERLY","meanBaggedEAT200",0.0250041664124306,0.0192117597642926,1.56186036609868
"2","N1207","QUARTERLY","meanBaggedEAT200",0.00281078305069022,0.0022314614812913,0.21350007782278
"3","N1208","QUARTERLY","meanBaggedEAT200",0.011556124058854,0.00917549562286015,1.09964287418465
"4","N1209","QUARTERLY","meanBaggedEAT200",0.0720382302055461,0.0673595574995439,9.06857566657567
"5","N1210","QUARTERLY","meanBaggedEAT200",0.00996051255462231,0.00876899818183817,0.788558807874408
