"","Series","Period","Method","RMSE","MAE","MAPE"
"1","N1211","QUARTERLY","meanBaggedEAT200",0.0400971383872071,0.0328253002196638,2.11718068268117
"2","N1212","QUARTERLY","meanBaggedEAT200",0.105459081096611,0.091612334463686,7.43055382196377
"3","N1213","QUARTERLY","meanBaggedEAT200",0.0610502519492545,0.058378748059657,3.82548478020682
"4","N1214","QUARTERLY","meanBaggedEAT200",0.242451380702737,0.175534793949537,10.1520100236302
"5","N1215","QUARTERLY","meanBaggedEAT200",0.0206875918893859,0.0178411309596444,1.26428082928191
