"","Series","Period","Method","RMSE","MAE","MAPE"
"1","N1216","QUARTERLY","meanBaggedEAT200",0.15881153973053,0.129883561815033,8.05959581303214
"2","N1217","QUARTERLY","meanBaggedEAT200",0.0614799372887201,0.0589432257864659,3.86176009267944
"3","N1218","QUARTERLY","meanBaggedEAT200",0.0383373122335192,0.0295344084135526,1.97425580243219
"4","N1219","QUARTERLY","meanBaggedEAT200",0.11866538352648,0.0990265581021248,6.46539561574869
"5","N1220","QUARTERLY","meanBaggedEAT200",0.143454346117542,0.118896345335604,8.46420305583218
