"","Series","Period","Method","RMSE","MAE","MAPE"
"1","N1221","QUARTERLY","meanBaggedEAT200",0.217265427379526,0.183971467092296,12.0302207804301
"2","N1222","QUARTERLY","meanBaggedEAT200",0.139762137702552,0.118696907299896,7.93232070787915
"3","N1223","QUARTERLY","meanBaggedEAT200",0.268925432259893,0.250315357163549,19.1330834578831
"4","N1224","QUARTERLY","meanBaggedEAT200",0.199761768490977,0.15976656901335,10.006012808122
"5","N1225","QUARTERLY","meanBaggedEAT200",0.128817087834083,0.106044530710575,8.53409176617027
