"","Series","Period","Method","RMSE","MAE","MAPE"
"1","N1226","QUARTERLY","meanBaggedEAT200",0.193251428847371,0.163271575733349,10.9351797771681
"2","N1227","QUARTERLY","meanBaggedEAT200",0.125008277668638,0.106828366300305,7.47443358923101
"3","N1228","QUARTERLY","meanBaggedEAT200",0.236406758087366,0.222544510023083,19.5303718523947
"4","N1229","QUARTERLY","meanBaggedEAT200",0.17946919484475,0.142247851091365,8.88380059747702
"5","N1230","QUARTERLY","meanBaggedEAT200",0.0780809952444067,0.0577640771606609,4.8719514383369
