"","Series","Period","Method","RMSE","MAE","MAPE"
"1","N1236","QUARTERLY","meanBaggedEAT200",0.0673666677486847,0.0637278276013047,4.05558991624837
"2","N1237","QUARTERLY","meanBaggedEAT200",0.135254679869736,0.121525943335912,8.5945341419308
"3","N1238","QUARTERLY","meanBaggedEAT200",0.0267381983269523,0.0216853118355534,1.88134193332162
"4","N1239","QUARTERLY","meanBaggedEAT200",0.0294249844874922,0.0261448740230659,2.32895340254119
"5","N1240","QUARTERLY","meanBaggedEAT200",0.0311212610747779,0.0290674396591176,2.59635790214422
