"","Series","Period","Method","RMSE","MAE","MAPE"
"1","N1241","QUARTERLY","meanBaggedEAT200",0.0773717030325677,0.0750856957452378,6.97661543953685
"2","N1242","QUARTERLY","meanBaggedEAT200",0.0550891026043269,0.0523502126125825,3.80932958354165
"3","N1243","QUARTERLY","meanBaggedEAT200",0.0364612365014395,0.0338535483850238,2.1981112848616
"4","N1244","QUARTERLY","meanBaggedEAT200",0.0789868122330803,0.0717849994561608,6.25439798853474
"5","N1245","QUARTERLY","meanBaggedEAT200",0.0383884196850311,0.0374830452832116,3.01589006236148
