"","Series","Period","Method","RMSE","MAE","MAPE"
"1","N1246","QUARTERLY","meanBaggedEAT200",0.0516056223836947,0.0449928207674975,3.62388517442671
"2","N1247","QUARTERLY","meanBaggedEAT200",0.460049652601339,0.401274060025059,28.0954987401841
"3","N1248","QUARTERLY","meanBaggedEAT200",0.172551979895944,0.155016089921735,12.7377985230472
"4","N1249","QUARTERLY","meanBaggedEAT200",0.341914041615336,0.328643210028411,89.7536513041729
"5","N1250","QUARTERLY","meanBaggedEAT200",0.0518252013479818,0.040565652010177,3.29135979848586
