"","Series","Period","Method","RMSE","MAE","MAPE"
"1","N1251","QUARTERLY","meanBaggedEAT200",0.0773887355192348,0.0590878419839185,5.00530316804079
"2","N1252","QUARTERLY","meanBaggedEAT200",0.0863056300444095,0.0650687259306091,5.49589251909364
"3","N1253","QUARTERLY","meanBaggedEAT200",0.292173905910393,0.255246616443546,21.1187895659443
"4","N1254","QUARTERLY","meanBaggedEAT200",0.11615956001823,0.111603357631677,11.5655292007953
"5","N1255","QUARTERLY","meanBaggedEAT200",0.0390989855488529,0.0364060054800959,2.91619864601685
