"","Series","Period","Method","RMSE","MAE","MAPE"
"1","N1256","QUARTERLY","meanBaggedEAT200",0.0818913303127784,0.063200672465313,5.96152047495285
"2","N1257","QUARTERLY","meanBaggedEAT200",0.194922134616126,0.174460447376172,17.3073220442308
"3","N1258","QUARTERLY","meanBaggedEAT200",0.12827448686433,0.122261266617112,14.7203947819107
"4","N1259","QUARTERLY","meanBaggedEAT200",0.088158813009765,0.0632057919262035,5.15962161743619
"5","N1260","QUARTERLY","meanBaggedEAT200",0.0876411792770611,0.0697174762757704,4.95759612384915
