"","Series","Period","Method","RMSE","MAE","MAPE"
"1","N1261","QUARTERLY","meanBaggedEAT200",0.0696775409011752,0.0536871189639544,4.30840852823473
"2","N1262","QUARTERLY","meanBaggedEAT200",0.0129403881982528,0.00928845111178749,0.842562939290419
"3","N1263","QUARTERLY","meanBaggedEAT200",0.034683112196436,0.0313306497255227,2.42459938254505
"4","N1264","QUARTERLY","meanBaggedEAT200",0.0131216559830065,0.0116253180547475,1.08930687579823
"5","N1265","QUARTERLY","meanBaggedEAT200",0.0379630057108329,0.0317615942292741,2.68049423004743
