"","Series","Period","Method","RMSE","MAE","MAPE"
"1","N1266","QUARTERLY","meanBaggedEAT200",0.0054464238765622,0.00471360866474165,0.427165399205498
"2","N1267","QUARTERLY","meanBaggedEAT200",0.0570819171746638,0.0476825659504133,4.26284590000724
"3","N1268","QUARTERLY","meanBaggedEAT200",0.0702065937000896,0.0549831598332134,4.18252632108141
"4","N1269","QUARTERLY","meanBaggedEAT200",0.0449408080477608,0.0414518984480092,4.70903008575995
"5","N1270","QUARTERLY","meanBaggedEAT200",0.0114018652856565,0.00915683243976664,1.14931387369062
