"","Series","Period","Method","RMSE","MAE","MAPE"
"1","N1271","QUARTERLY","meanBaggedEAT200",0.0405764783116436,0.0314338524319591,4.15463179861931
"2","N1272","QUARTERLY","meanBaggedEAT200",0.185700536111438,0.178258323256943,13.1950794332585
"3","N1273","QUARTERLY","meanBaggedEAT200",0.073468794939207,0.0617969351270726,3.98777140574563
"4","N1274","QUARTERLY","meanBaggedEAT200",0.291400233288107,0.262273043406316,37.891688511848
"5","N1275","QUARTERLY","meanBaggedEAT200",0.261988293305052,0.234112450847267,14.6627394767414
