"","Series","Period","Method","RMSE","MAE","MAPE"
"1","N1281","QUARTERLY","meanBaggedEAT200",0.0536335573004666,0.0390210982462192,2.66224855617608
"2","N1282","QUARTERLY","meanBaggedEAT200",0.166102891348503,0.135519757948493,11.1663876337325
"3","N1283","QUARTERLY","meanBaggedEAT200",0.0544557106424298,0.0450626323458954,5.25299574460659
"4","N1284","QUARTERLY","meanBaggedEAT200",0.061812427339376,0.0533732443844959,5.54289306351904
"5","N1285","QUARTERLY","meanBaggedEAT200",0.0907194334135184,0.0757399265722305,6.9524001310591
