"","Series","Period","Method","RMSE","MAE","MAPE"
"1","N1286","QUARTERLY","meanBaggedEAT200",0.0656823354872251,0.0543358820103269,6.05335874872295
"2","N1287","QUARTERLY","meanBaggedEAT200",0.0129857909929001,0.00950695393313256,1.37782116191954
"3","N1288","QUARTERLY","meanBaggedEAT200",0.0830985710636915,0.0758701461148959,7.88063413468803
"4","N1289","QUARTERLY","meanBaggedEAT200",0.102935863382309,0.0814898400978156,6.59479784271677
"5","N1290","QUARTERLY","meanBaggedEAT200",0.124395004335883,0.100751701599098,8.49790976699925
