"","Series","Period","Method","RMSE","MAE","MAPE"
"1","N1296","QUARTERLY","meanBaggedEAT200",0.050645350550846,0.0416001842479258,6.16053263423503
"2","N1297","QUARTERLY","meanBaggedEAT200",0.0850432248287273,0.0706762674732732,6.8641272461814
"3","N1298","QUARTERLY","meanBaggedEAT200",0.0321115550033335,0.0271022607831119,3.40152723600452
"4","N1299","QUARTERLY","meanBaggedEAT200",0.150414589288625,0.110515046598789,5.98552087476542
"5","N1300","QUARTERLY","meanBaggedEAT200",0.110584976323416,0.086716541127785,7.29629316453172
