"","Series","Period","Method","RMSE","MAE","MAPE"
"1","N1301","QUARTERLY","meanBaggedEAT200",0.132643745978767,0.113997292216206,10.4016476672018
"2","N1302","QUARTERLY","meanBaggedEAT200",0.0817187640142279,0.0658744969330704,6.46925367406982
"3","N1303","QUARTERLY","meanBaggedEAT200",0.0505026976582161,0.0437588453853539,4.82842944613764
"4","N1304","QUARTERLY","meanBaggedEAT200",0.0967949155613703,0.0803627815792169,5.79742090625448
"5","N1305","QUARTERLY","meanBaggedEAT200",0.0487509723369744,0.0355710753555636,2.65135407787676
