"","Series","Period","Method","RMSE","MAE","MAPE"
"1","N1311","QUARTERLY","meanBaggedEAT200",0.316354733165511,0.277057776535472,39.679481949093
"2","N1312","QUARTERLY","meanBaggedEAT200",0.13735255150557,0.128298732694055,11.8299446513096
"3","N1313","QUARTERLY","meanBaggedEAT200",0.0644835779473025,0.0532918932177383,6.29353745173404
"4","N1314","QUARTERLY","meanBaggedEAT200",0.252612990803208,0.235192694746789,34.2596737229436
"5","N1315","QUARTERLY","meanBaggedEAT200",0.154474261381659,0.139285443047528,18.9973721909428
