"","Series","Period","Method","RMSE","MAE","MAPE"
"1","N1316","QUARTERLY","meanBaggedEAT200",0.211259104736974,0.199500173129482,34.9566994558548
"2","N1317","QUARTERLY","meanBaggedEAT200",0.118832122379264,0.113780018237339,14.4430607580053
"3","N1318","QUARTERLY","meanBaggedEAT200",0.155036051110361,0.119896607587009,15.1371133090684
"4","N1319","QUARTERLY","meanBaggedEAT200",0.200925878524333,0.176634825865872,17.923543471689
"5","N1320","QUARTERLY","meanBaggedEAT200",0.0751197499325319,0.0693326701901562,8.63693168570075
