"","Series","Period","Method","RMSE","MAE","MAPE"
"1","N1321","QUARTERLY","meanBaggedEAT200",0.109844243550077,0.0822966536268642,17.7460679134575
"2","N1322","QUARTERLY","meanBaggedEAT200",0.0680385298488087,0.0593670788371867,7.66328668848709
"3","N1323","QUARTERLY","meanBaggedEAT200",0.114040348489843,0.0827916266072308,8.49764572364294
"4","N1324","QUARTERLY","meanBaggedEAT200",0.0861633829875078,0.084141980157993,12.6876287471365
"5","N1325","QUARTERLY","meanBaggedEAT200",0.167771323282845,0.152913102262838,23.9547835686258
