"","Series","Period","Method","RMSE","MAE","MAPE"
"1","N1326","QUARTERLY","meanBaggedEAT200",0.19759191886703,0.174173325575992,28.0939630080315
"2","N1327","QUARTERLY","meanBaggedEAT200",0.238316139606589,0.201199366071629,22.6310080114762
"3","N1328","QUARTERLY","meanBaggedEAT200",0.329936888427345,0.29358411527761,38.7742148613923
"4","N1329","QUARTERLY","meanBaggedEAT200",0.395788020275437,0.295161312179778,50.4721187548414
"5","N1330","QUARTERLY","meanBaggedEAT200",0.124525652530299,0.108264525152976,10.7687874281564
