"","Series","Period","Method","RMSE","MAE","MAPE"
"1","N1331","QUARTERLY","meanBaggedEAT200",0.0963962737710678,0.0785520641679085,15.1758003680998
"2","N1332","QUARTERLY","meanBaggedEAT200",0.302605169314455,0.25788377966798,33.248592635943
"3","N1333","QUARTERLY","meanBaggedEAT200",0.0865294400916671,0.0820610117503066,8.36175406764757
"4","N1334","QUARTERLY","meanBaggedEAT200",0.560330729946818,0.509286781990993,32.3001979914599
"5","N1335","QUARTERLY","meanBaggedEAT200",0.0990626990329914,0.0715799522664522,8.14634358346208
