"","Series","Period","Method","RMSE","MAE","MAPE"
"1","N1341","QUARTERLY","meanBaggedEAT200",0.169708754082482,0.136851525847181,19.4446673317229
"2","N1342","QUARTERLY","meanBaggedEAT200",0.262686026903541,0.248737564038911,35.3344903560968
"3","N1343","QUARTERLY","meanBaggedEAT200",0.1251697868632,0.108641735196161,18.8743147593654
"4","N1344","QUARTERLY","meanBaggedEAT200",0.0867447880020324,0.0712128272245557,8.36643013274564
"5","N1345","QUARTERLY","meanBaggedEAT200",0.0058795179275876,0.00514744479282092,0.398965514636225
