"","Series","Period","Method","RMSE","MAE","MAPE"
"1","N0131","YEARLY","meanBaggedEAT200",1.07889283022657,0.916718548708031,19.3295013621058
"2","N0132","YEARLY","meanBaggedEAT200",0.15768327818682,0.130014302071133,6.51022095632859
"3","N0133","YEARLY","meanBaggedEAT200",0.565360571960113,0.425148057722475,101.914602646559
"4","N0134","YEARLY","meanBaggedEAT200",1.02158367837833,0.926457679138599,54.1256300998548
"5","N0135","YEARLY","meanBaggedEAT200",0.349049311903294,0.271509756648649,51.2505036535311
