"","Series","Period","Method","RMSE","MAE","MAPE"
"1","N1356","QUARTERLY","meanBaggedEAT200",0.0166053635780971,0.0123705888984535,1.20995817469959
"2","N1357","QUARTERLY","meanBaggedEAT200",0.0719132656237531,0.0571083465644834,7.22510534204766
"3","N1358","QUARTERLY","meanBaggedEAT200",0.048380635858237,0.0392532660719755,3.83729411974552
"4","N1359","QUARTERLY","meanBaggedEAT200",0.0575147771443805,0.0554049416055677,5.87855508436796
"5","N1360","QUARTERLY","meanBaggedEAT200",0.0334993145400797,0.0304470953129833,2.93088262795059
