"","Series","Period","Method","RMSE","MAE","MAPE"
"1","N1361","QUARTERLY","meanBaggedEAT200",0.0252440759499699,0.0190322399171583,2.2108222687131
"2","N1362","QUARTERLY","meanBaggedEAT200",0.0346465778777071,0.0301727913881786,3.17940917168284
"3","N1363","QUARTERLY","meanBaggedEAT200",0.0316073793994087,0.0285760599326697,2.67866640628551
"4","N1364","QUARTERLY","meanBaggedEAT200",0.0244685797896714,0.0211728272332408,2.45328999960921
"5","N1365","QUARTERLY","meanBaggedEAT200",0.00973042801787124,0.00879135150480653,0.888034162469768
