"","Series","Period","Method","RMSE","MAE","MAPE"
"1","N1366","QUARTERLY","meanBaggedEAT200",0.00914638532966654,0.0086623480988718,0.862053046856712
"2","N1367","QUARTERLY","meanBaggedEAT200",0.0280423026486578,0.0243844939760801,2.33972168205735
"3","N1368","QUARTERLY","meanBaggedEAT200",0.0508176970446818,0.0487457014556678,5.15485361727275
"4","N1369","QUARTERLY","meanBaggedEAT200",0.0183701288660297,0.0168722607561218,1.72483229591498
"5","N1370","QUARTERLY","meanBaggedEAT200",0.022412386038497,0.018179236789165,2.30109112746929
