"","Series","Period","Method","RMSE","MAE","MAPE"
"1","N1371","QUARTERLY","meanBaggedEAT200",0.0117720918160118,0.00889899097249239,0.853728738488769
"2","N1372","QUARTERLY","meanBaggedEAT200",0.0215097576350398,0.0199462508468421,2.7897089817531
"3","N1373","QUARTERLY","meanBaggedEAT200",0.015864575421851,0.0155850924605189,2.13150376875457
"4","N1374","QUARTERLY","meanBaggedEAT200",0.0623282008513322,0.0569766962554807,4.78038409325858
"5","N1375","QUARTERLY","meanBaggedEAT200",0.0186310625200095,0.0152382880944085,1.72262194293531
