"","Series","Period","Method","RMSE","MAE","MAPE"
"1","N1376","QUARTERLY","meanBaggedEAT200",0.297243465640242,0.189738919116075,10.0078345975557
"2","N1377","QUARTERLY","meanBaggedEAT200",0.311450970837739,0.289294194630166,16.7963209311469
"3","N1378","QUARTERLY","meanBaggedEAT200",0.658291115680207,0.640724651428986,17.1781665844029
"4","N1379","QUARTERLY","meanBaggedEAT200",0.0271056725486755,0.019512200483519,1.86020910575927
"5","N1380","QUARTERLY","meanBaggedEAT200",1.69701201346855,1.50695521467279,41.5708230515845
