"","Series","Period","Method","RMSE","MAE","MAPE"
"1","N1386","QUARTERLY","meanBaggedEAT200",1.08150838153204,0.823519322274604,53.9937518425739
"2","N1387","QUARTERLY","meanBaggedEAT200",0.0404370223450991,0.0366277693064725,3.73710903275421
"3","N1388","QUARTERLY","meanBaggedEAT200",1.47109126895602,1.35432302065593,87.3125560378906
"4","N1389","QUARTERLY","meanBaggedEAT200",0.483418720035807,0.428666851297901,46.6961331631306
"5","N1390","QUARTERLY","meanBaggedEAT200",0.00767898568913659,0.0066513086743566,0.630032573144541
