"","Series","Period","Method","RMSE","MAE","MAPE"
"1","N1391","QUARTERLY","meanBaggedEAT200",0.230595224603271,0.213890203765977,23.9438159533832
"2","N1392","QUARTERLY","meanBaggedEAT200",0.0740895771050051,0.0541173183249113,3.5289081022732
"3","N1393","QUARTERLY","meanBaggedEAT200",0.0793037180692982,0.0639725515564621,8.28619905831569
"4","N1394","QUARTERLY","meanBaggedEAT200",0.342938921248771,0.265189960807477,15.836486144379
"5","N1395","QUARTERLY","meanBaggedEAT200",0.0611631169696631,0.0477185905091374,4.58528015000297
