"","Series","Period","Method","RMSE","MAE","MAPE"
"1","N0136","YEARLY","meanBaggedEAT200",0.0674129029640317,0.0668546865734495,6.62306500580528
"2","N0137","YEARLY","meanBaggedEAT200",0.255762772820464,0.249599911622922,20.7863610417096
"3","N0138","YEARLY","meanBaggedEAT200",0.177133474515734,0.15741155524247,16.2312793465347
"4","N0139","YEARLY","meanBaggedEAT200",0.862656570767574,0.702428627672747,79.7721251197727
"5","N0140","YEARLY","meanBaggedEAT200",2.2909675936399,1.97658994262683,38.5710478277978
