"","Series","Period","Method","RMSE","MAE","MAPE"
"1","N1401","QUARTERLY","meanBaggedEAT200",0.442644992659105,0.362939238333555,89.3128603521925
"2","N1402","MONTHLY","meanBaggedEAT200",0.577477959838803,0.530193754583353,234.905499066917
"3","N1403","MONTHLY","meanBaggedEAT200",0.364453954919301,0.296962000940507,58.9336783789951
"4","N1404","MONTHLY","meanBaggedEAT200",0.505428146082559,0.413222479285644,45.5265708608018
"5","N1405","MONTHLY","meanBaggedEAT200",0.873223943452831,0.675240446785873,36.8447859920424
