"","Series","Period","Method","RMSE","MAE","MAPE"
"1","N1406","MONTHLY","meanBaggedEAT200",0.349904054233122,0.252216954386406,27.0170873087897
"2","N1407","MONTHLY","meanBaggedEAT200",0.689722168484827,0.545284756907833,180.764665291489
"3","N1408","MONTHLY","meanBaggedEAT200",0.430124981545262,0.359356356296435,29.4978899690503
"4","N1409","MONTHLY","meanBaggedEAT200",0.576057579217128,0.414673227965585,38.4654497575588
"5","N1410","MONTHLY","meanBaggedEAT200",0.373795470732115,0.315647691996319,45.3731425997379
