"","Series","Period","Method","RMSE","MAE","MAPE"
"1","N1411","MONTHLY","meanBaggedEAT200",0.19382286083721,0.153733111583759,19.2332833975826
"2","N1412","MONTHLY","meanBaggedEAT200",0.193369022053314,0.162697396648468,19.1853105927724
"3","N1413","MONTHLY","meanBaggedEAT200",0.809099435700451,0.728829599289145,772.598489697608
"4","N1414","MONTHLY","meanBaggedEAT200",0.571560037662173,0.406933667090209,40.6863228855586
"5","N1415","MONTHLY","meanBaggedEAT200",0.452465116222901,0.382323794377455,71.0571648346805
