"","Series","Period","Method","RMSE","MAE","MAPE"
"1","N1421","MONTHLY","meanBaggedEAT200",0.188206012582053,0.155222691174574,22.9831403079478
"2","N1422","MONTHLY","meanBaggedEAT200",0.234084463341595,0.177057635476296,25.8871804336333
"3","N1423","MONTHLY","meanBaggedEAT200",0.380351334024658,0.280343014965938,38.9509070699258
"4","N1424","MONTHLY","meanBaggedEAT200",0.197970145495723,0.159983511564436,19.2588560095698
"5","N1425","MONTHLY","meanBaggedEAT200",0.250987863472412,0.217038280194916,66.963625724609
