"","Series","Period","Method","RMSE","MAE","MAPE"
"1","N1431","MONTHLY","meanBaggedEAT200",0.389843590142448,0.314265174202697,19.7677870049434
"2","N1432","MONTHLY","meanBaggedEAT200",0.210805436016901,0.171439200246233,54.7287891115675
"3","N1433","MONTHLY","meanBaggedEAT200",0.22045003987813,0.16501388039154,32.6195442990112
"4","N1434","MONTHLY","meanBaggedEAT200",0.148455660613489,0.127259992216258,21.5927967247278
"5","N1435","MONTHLY","meanBaggedEAT200",0.220534646503221,0.172245232051161,23.9656971138684
