"","Series","Period","Method","RMSE","MAE","MAPE"
"1","N1436","MONTHLY","meanBaggedEAT200",0.194595009535844,0.160440243893063,35.7762149236167
"2","N1437","MONTHLY","meanBaggedEAT200",0.236855076299841,0.196457100334821,26.5292823873913
"3","N1438","MONTHLY","meanBaggedEAT200",0.2310191272791,0.207800777322025,34.0123987371521
"4","N1439","MONTHLY","meanBaggedEAT200",0.356729588697389,0.270049522712886,41.3061224794945
"5","N1440","MONTHLY","meanBaggedEAT200",0.187513097476608,0.147602855190264,16.4404730895576
