"","Series","Period","Method","RMSE","MAE","MAPE"
"1","N1441","MONTHLY","meanBaggedEAT200",0.538527145694999,0.45013467381689,69.729398716488
"2","N1442","MONTHLY","meanBaggedEAT200",0.241155698612593,0.191351205143703,28.3973624392824
"3","N1443","MONTHLY","meanBaggedEAT200",0.412811526797263,0.364739953983007,74.9020047593717
"4","N1444","MONTHLY","meanBaggedEAT200",0.294663569030912,0.254027397059486,49.9967853259969
"5","N1445","MONTHLY","meanBaggedEAT200",0.29389670163169,0.241918062756373,40.0529683636319
