"","Series","Period","Method","RMSE","MAE","MAPE"
"1","N0141","YEARLY","meanBaggedEAT200",0.495457428278612,0.412240281020894,22.2276516167097
"2","N0142","YEARLY","meanBaggedEAT200",0.069832899718629,0.0585422794343072,4.95442244428609
"3","N0143","YEARLY","meanBaggedEAT200",0.150693870604673,0.122994558818431,6.70239864947842
"4","N0144","YEARLY","meanBaggedEAT200",0.512411919580154,0.417692024331454,21.5807248103132
"5","N0145","YEARLY","meanBaggedEAT200",0.805961609359639,0.607482146834975,16.6765574014123
