"","Series","Period","Method","RMSE","MAE","MAPE"
"1","N1446","MONTHLY","meanBaggedEAT200",0.382039539605002,0.32342813583465,48.2965179232701
"2","N1447","MONTHLY","meanBaggedEAT200",0.168583450064292,0.14247403609742,15.3936996440727
"3","N1448","MONTHLY","meanBaggedEAT200",0.263884147178235,0.208360568189825,40.831273494404
"4","N1449","MONTHLY","meanBaggedEAT200",0.2089137790589,0.170919240856635,14.9922819617077
"5","N1450","MONTHLY","meanBaggedEAT200",0.310276847719871,0.276970564995222,53.1950217672713
