"","Series","Period","Method","RMSE","MAE","MAPE"
"1","N1451","MONTHLY","meanBaggedEAT200",0.190861395155503,0.139330198988422,27.6737177588323
"2","N1452","MONTHLY","meanBaggedEAT200",0.174747145921028,0.136544034104737,20.6934769430872
"3","N1453","MONTHLY","meanBaggedEAT200",0.192784888518831,0.155196240203947,20.6004193055882
"4","N1454","MONTHLY","meanBaggedEAT200",0.145182161120149,0.116120170554676,11.6402571011394
"5","N1455","MONTHLY","meanBaggedEAT200",0.1522941835339,0.11570100580844,13.623393990735
