"","Series","Period","Method","RMSE","MAE","MAPE"
"1","N1456","MONTHLY","meanBaggedEAT200",0.329376208183377,0.274726428783216,33.7266201034201
"2","N1457","MONTHLY","meanBaggedEAT200",0.304008381848604,0.268628623713625,41.7598003194192
"3","N1458","MONTHLY","meanBaggedEAT200",0.352730812978087,0.245444377406101,24.3713630937653
"4","N1459","MONTHLY","meanBaggedEAT200",0.289463316432147,0.23906507935928,40.2513391165094
"5","N1460","MONTHLY","meanBaggedEAT200",0.404740050931439,0.33156073837267,124.857854074623
