"","Series","Period","Method","RMSE","MAE","MAPE"
"1","N1461","MONTHLY","meanBaggedEAT200",0.293316731419706,0.204757352562755,29.059660697013
"2","N1462","MONTHLY","meanBaggedEAT200",0.372646798082329,0.262083024360161,26.2923899034496
"3","N1463","MONTHLY","meanBaggedEAT200",0.222503345598677,0.167142830911832,16.2528312435644
"4","N1464","MONTHLY","meanBaggedEAT200",0.285797230532017,0.197985900514459,23.8651539535128
"5","N1465","MONTHLY","meanBaggedEAT200",0.365705767192019,0.291076475785166,48.1859367918387
