"","Series","Period","Method","RMSE","MAE","MAPE"
"1","N1466","MONTHLY","meanBaggedEAT200",0.380977601032405,0.300247940357607,52.7713998164778
"2","N1467","MONTHLY","meanBaggedEAT200",0.21592990549225,0.18800319689249,23.7564687997537
"3","N1468","MONTHLY","meanBaggedEAT200",0.279633827096452,0.222994226230494,22.7233763981084
"4","N1469","MONTHLY","meanBaggedEAT200",0.222440400637519,0.172257914916577,42.3788365733843
"5","N1470","MONTHLY","meanBaggedEAT200",0.13103596134806,0.103247064298201,9.9607888579701
