"","Series","Period","Method","RMSE","MAE","MAPE"
"1","N1476","MONTHLY","meanBaggedEAT200",0.20508792768534,0.185156744432182,34.7575022901091
"2","N1477","MONTHLY","meanBaggedEAT200",0.0824478107767541,0.0681786989926674,6.35633310232031
"3","N1478","MONTHLY","meanBaggedEAT200",0.163846777809959,0.12777400638476,9.93202469853933
"4","N1479","MONTHLY","meanBaggedEAT200",0.270805103638774,0.241820958261438,31.4902397158339
"5","N1480","MONTHLY","meanBaggedEAT200",0.268751023227167,0.230971180572119,28.7542924846949
