"","Series","Period","Method","RMSE","MAE","MAPE"
"1","N1481","MONTHLY","meanBaggedEAT200",0.221539867012392,0.19570851498389,16.9648900738915
"2","N1482","MONTHLY","meanBaggedEAT200",0.173701778795248,0.156350758947513,19.6898796637822
"3","N1483","MONTHLY","meanBaggedEAT200",0.177008838586097,0.146727719103064,8.85370854923307
"4","N1484","MONTHLY","meanBaggedEAT200",0.16861632170669,0.14442129421119,15.4468137722963
"5","N1485","MONTHLY","meanBaggedEAT200",0.177959293839927,0.155827632351129,9.17015775232902
