"","Series","Period","Method","RMSE","MAE","MAPE"
"1","N1486","MONTHLY","meanBaggedEAT200",0.199665307760521,0.164318133484322,10.9895094998538
"2","N1487","MONTHLY","meanBaggedEAT200",0.18727240457701,0.147951152366784,10.9461112214722
"3","N1488","MONTHLY","meanBaggedEAT200",0.570393530183158,0.457651226194093,17.5093568046796
"4","N1489","MONTHLY","meanBaggedEAT200",0.135809561945248,0.103601709638121,7.84436925084198
"5","N1490","MONTHLY","meanBaggedEAT200",0.166876485579187,0.135475379806974,23.611588117958
