"","Series","Period","Method","RMSE","MAE","MAPE"
"1","N1491","MONTHLY","meanBaggedEAT200",0.196521473946297,0.155349239211833,23.4126866226711
"2","N1492","MONTHLY","meanBaggedEAT200",0.163628166081798,0.136918806152742,19.1202962773593
"3","N1493","MONTHLY","meanBaggedEAT200",0.133721827860713,0.105166218972778,12.4588326821909
"4","N1494","MONTHLY","meanBaggedEAT200",0.0626250171916001,0.0452412667857747,4.70002665653759
"5","N1495","MONTHLY","meanBaggedEAT200",0.0607213513342187,0.052266252741621,5.12435510813108
