"","Series","Period","Method","RMSE","MAE","MAPE"
"1","N0011","YEARLY","meanBaggedEAT200",0.322442254545914,0.245972306609516,11.2504987894848
"2","N0012","YEARLY","meanBaggedEAT200",1.22598145479426,0.994693842139045,22.8362825311491
"3","N0013","YEARLY","meanBaggedEAT200",0.218443000657208,0.181043302444296,9.73433199155463
"4","N0014","YEARLY","meanBaggedEAT200",0.542347972615393,0.529762246784547,33.9268959746343
"5","N0015","YEARLY","meanBaggedEAT200",0.240503222442715,0.237231552938483,11.3479812123461
