"","Series","Period","Method","RMSE","MAE","MAPE"
"1","N1496","MONTHLY","meanBaggedEAT200",0.0897491315534635,0.0727209178646363,7.49239919556446
"2","N1497","MONTHLY","meanBaggedEAT200",0.0839194527713508,0.0601621944309611,6.42697767758853
"3","N1498","MONTHLY","meanBaggedEAT200",0.121296100552644,0.0979510019934453,10.9427672928162
"4","N1499","MONTHLY","meanBaggedEAT200",0.127451472131,0.100500130146702,11.95812402813
"5","N1500","MONTHLY","meanBaggedEAT200",0.128997368892543,0.105809637487462,12.8376921796006
