"","Series","Period","Method","RMSE","MAE","MAPE"
"1","N1506","MONTHLY","meanBaggedEAT200",0.0724481727514583,0.0617473914367527,6.14182334653506
"2","N1507","MONTHLY","meanBaggedEAT200",0.0861060235593827,0.066432086679119,7.44809767983288
"3","N1508","MONTHLY","meanBaggedEAT200",0.0945990584570895,0.0739367461720319,9.060710424558
"4","N1509","MONTHLY","meanBaggedEAT200",0.184506425473195,0.156816821432305,22.9489328830211
"5","N1510","MONTHLY","meanBaggedEAT200",0.140083914434884,0.113643472277974,13.1342087518966
