"","Series","Period","Method","RMSE","MAE","MAPE"
"1","N1511","MONTHLY","meanBaggedEAT200",0.116479774287298,0.0876283108627395,10.5586355300066
"2","N1512","MONTHLY","meanBaggedEAT200",0.181342188995647,0.155816327136823,18.6306893256678
"3","N1513","MONTHLY","meanBaggedEAT200",0.143666335199159,0.121089636692853,13.8156575535729
"4","N1514","MONTHLY","meanBaggedEAT200",0.0853541995503573,0.0727362243512187,7.04929969115539
"5","N1515","MONTHLY","meanBaggedEAT200",0.104403742516829,0.0756731845319312,7.40367168460835
