"","Series","Period","Method","RMSE","MAE","MAPE"
"1","N1516","MONTHLY","meanBaggedEAT200",0.100415583672897,0.0815808120808653,8.43729953852002
"2","N1517","MONTHLY","meanBaggedEAT200",0.111146398000862,0.0917075665625115,9.7358400946796
"3","N1518","MONTHLY","meanBaggedEAT200",0.201396088448077,0.185277385095311,24.2124810525978
"4","N1519","MONTHLY","meanBaggedEAT200",0.20019516921545,0.155771322001645,21.436777064304
"5","N1520","MONTHLY","meanBaggedEAT200",0.208822188070098,0.166833186587638,21.1598633447096
