"","Series","Period","Method","RMSE","MAE","MAPE"
"1","N1521","MONTHLY","meanBaggedEAT200",0.111837781944137,0.0894865498194339,9.76470728061712
"2","N1522","MONTHLY","meanBaggedEAT200",0.143687135318797,0.111741205609023,12.3729406197812
"3","N1523","MONTHLY","meanBaggedEAT200",0.0977873694672145,0.0830841673142542,7.62476839001382
"4","N1524","MONTHLY","meanBaggedEAT200",0.0992879897178276,0.0644252300384105,6.84755570015729
"5","N1525","MONTHLY","meanBaggedEAT200",0.180035618370382,0.164696797580365,16.7235931282802
