"","Series","Period","Method","RMSE","MAE","MAPE"
"1","N1526","MONTHLY","meanBaggedEAT200",0.174140122923579,0.158650974355544,16.1176519419025
"2","N1527","MONTHLY","meanBaggedEAT200",0.153247702190035,0.135934475284672,14.3773422116276
"3","N1528","MONTHLY","meanBaggedEAT200",0.132470401637358,0.103470036873054,11.9015701458585
"4","N1529","MONTHLY","meanBaggedEAT200",0.199751224116785,0.176762349928338,22.4720686384844
"5","N1530","MONTHLY","meanBaggedEAT200",0.206769338752467,0.17927575280497,26.3835520188807
