"","Series","Period","Method","RMSE","MAE","MAPE"
"1","N1531","MONTHLY","meanBaggedEAT200",0.171534839615621,0.149804876465288,22.3825313475701
"2","N1532","MONTHLY","meanBaggedEAT200",0.137160673605587,0.115062392996363,16.1938919334598
"3","N1533","MONTHLY","meanBaggedEAT200",0.144958992089196,0.115604148772911,16.3294661652756
"4","N1534","MONTHLY","meanBaggedEAT200",0.170366469151446,0.144315499061379,18.9154511525849
"5","N1535","MONTHLY","meanBaggedEAT200",0.233823913211002,0.187814928997531,31.4961898637998
