"","Series","Period","Method","RMSE","MAE","MAPE"
"1","N1546","MONTHLY","meanBaggedEAT200",0.19019853451938,0.157575335695848,20.747622070507
"2","N1547","MONTHLY","meanBaggedEAT200",0.216426234850645,0.179292775957036,26.8502760798867
"3","N1548","MONTHLY","meanBaggedEAT200",0.204862856213419,0.184203333550995,25.1626713737865
"4","N1549","MONTHLY","meanBaggedEAT200",0.230656542947126,0.208982718623868,26.5530527089127
"5","N1550","MONTHLY","meanBaggedEAT200",0.146047958740122,0.124773915456859,13.8692900499202
