"","Series","Period","Method","RMSE","MAE","MAPE"
"1","N1556","MONTHLY","meanBaggedEAT200",0.363120999807984,0.315226940043978,17.3254548322974
"2","N1557","MONTHLY","meanBaggedEAT200",0.217029933922237,0.159527034652642,10.0432379982614
"3","N1558","MONTHLY","meanBaggedEAT200",0.216147180882598,0.181636707190215,12.8151731409062
"4","N1559","MONTHLY","meanBaggedEAT200",0.13826140286421,0.115499560351913,7.83866256749497
"5","N1560","MONTHLY","meanBaggedEAT200",0.129995281889981,0.0983258244568764,7.03841980515231
