"","Series","Period","Method","RMSE","MAE","MAPE"
"1","N1561","MONTHLY","meanBaggedEAT200",0.239234538057048,0.210142831673752,14.4660598137002
"2","N1562","MONTHLY","meanBaggedEAT200",0.194911236547762,0.165145859148272,12.7934999404636
"3","N1563","MONTHLY","meanBaggedEAT200",0.202748352198749,0.161325024304165,11.2616899249095
"4","N1564","MONTHLY","meanBaggedEAT200",0.207572944015868,0.172520199445545,15.2614291967234
"5","N1565","MONTHLY","meanBaggedEAT200",0.141377366234753,0.110829986643181,8.60181626702387
