"","Series","Period","Method","RMSE","MAE","MAPE"
"1","N1566","MONTHLY","meanBaggedEAT200",0.17227181328091,0.130761008723181,9.22555167318375
"2","N1567","MONTHLY","meanBaggedEAT200",0.154590121340538,0.11083961289348,8.38386677021403
"3","N1568","MONTHLY","meanBaggedEAT200",0.208251844784028,0.165398059927584,13.1032690644997
"4","N1569","MONTHLY","meanBaggedEAT200",0.210473709264827,0.170371637654002,17.1916927463658
"5","N1570","MONTHLY","meanBaggedEAT200",0.109729099793189,0.0931315213609492,9.23273887787782
