"","Series","Period","Method","RMSE","MAE","MAPE"
"1","N1576","MONTHLY","meanBaggedEAT200",0.140159122034434,0.116720758914735,13.9329288850001
"2","N1577","MONTHLY","meanBaggedEAT200",0.114108132541026,0.0958356772717313,10.81184527073
"3","N1578","MONTHLY","meanBaggedEAT200",0.142625162683207,0.116944708362098,13.5020599241953
"4","N1579","MONTHLY","meanBaggedEAT200",0.249802732613578,0.21487733562621,40.0957076766661
"5","N1580","MONTHLY","meanBaggedEAT200",0.19537210996292,0.15987053844232,42.4657606009549
