"","Series","Period","Method","RMSE","MAE","MAPE"
"1","N0156","YEARLY","meanBaggedEAT200",0.263899524758557,0.223278074589038,6.08644167453878
"2","N0157","YEARLY","meanBaggedEAT200",0.584971262228711,0.533342767200213,15.7722703483769
"3","N0158","YEARLY","meanBaggedEAT200",0.164976368122016,0.137612013556516,4.40680454234007
"4","N0159","YEARLY","meanBaggedEAT200",1.15206099304339,1.09802511857162,23.6496787069559
"5","N0160","YEARLY","meanBaggedEAT200",0.136572686885451,0.127636173839083,7.65617469299786
