"","Series","Period","Method","RMSE","MAE","MAPE"
"1","N1616","MONTHLY","meanBaggedEAT200",0.263179240078537,0.215647250480778,28.1875107776041
"2","N1617","MONTHLY","meanBaggedEAT200",0.41091013979445,0.324384890597789,36.309953914384
"3","N1618","MONTHLY","meanBaggedEAT200",0.214036618688708,0.186334725181162,18.1826858920483
"4","N1619","MONTHLY","meanBaggedEAT200",0.145272981020195,0.127652839567869,11.7830802936192
"5","N1620","MONTHLY","meanBaggedEAT200",0.159713054991496,0.130766819191359,15.9624892631674
