"","Series","Period","Method","RMSE","MAE","MAPE"
"1","N1621","MONTHLY","meanBaggedEAT200",0.197159660111022,0.144415190848223,17.8809029361549
"2","N1622","MONTHLY","meanBaggedEAT200",0.451195359025245,0.350087705298273,39.4154863313844
"3","N1623","MONTHLY","meanBaggedEAT200",0.158934321195391,0.126780139212165,12.579439526471
"4","N1624","MONTHLY","meanBaggedEAT200",0.30783686217568,0.259848037886544,42.3923593186833
"5","N1625","MONTHLY","meanBaggedEAT200",0.343507067548729,0.291890781956567,58.13186587342
