"","Series","Period","Method","RMSE","MAE","MAPE"
"1","N1626","MONTHLY","meanBaggedEAT200",0.26570183548001,0.225857667397903,33.3706699402037
"2","N1627","MONTHLY","meanBaggedEAT200",0.2528158849353,0.201640889178654,24.2918448739104
"3","N1628","MONTHLY","meanBaggedEAT200",0.354009371510486,0.291008420585194,41.670780299063
"4","N1629","MONTHLY","meanBaggedEAT200",0.452694307470926,0.380927570757461,79.1807986572217
"5","N1630","MONTHLY","meanBaggedEAT200",0.121931808044653,0.101654669509918,14.5608425200902
