"","Series","Period","Method","RMSE","MAE","MAPE"
"1","N1631","MONTHLY","meanBaggedEAT200",0.340118406768934,0.300814093228425,49.7455508406907
"2","N1632","MONTHLY","meanBaggedEAT200",0.467920600746154,0.392678974740436,93.1357101756248
"3","N1633","MONTHLY","meanBaggedEAT200",0.375925287487053,0.33188667283736,61.115434411856
"4","N1634","MONTHLY","meanBaggedEAT200",0.357339500783542,0.287256543273864,40.2357782671161
"5","N1635","MONTHLY","meanBaggedEAT200",0.28121437813986,0.211544688840838,23.2751390476711
