"","Series","Period","Method","RMSE","MAE","MAPE"
"1","N1636","MONTHLY","meanBaggedEAT200",0.56085975208496,0.479066035752623,89.6825745760221
"2","N1637","MONTHLY","meanBaggedEAT200",0.418999180682349,0.364616862011984,65.7425021130655
"3","N1638","MONTHLY","meanBaggedEAT200",0.283538202259866,0.255055822124539,22.0479487663127
"4","N1639","MONTHLY","meanBaggedEAT200",0.545474764698338,0.380738946266604,25.4543887174748
"5","N1640","MONTHLY","meanBaggedEAT200",0.212093909026597,0.159883309765651,22.9418891910058
