"","Series","Period","Method","RMSE","MAE","MAPE"
"1","N0161","YEARLY","meanBaggedEAT200",0.218093258668102,0.167978877472033,6.45323639507288
"2","N0162","YEARLY","meanBaggedEAT200",0.303066171175263,0.242902983224621,26.7385275228056
"3","N0163","YEARLY","meanBaggedEAT200",0.116435099772458,0.0916716762291983,8.77827775833305
"4","N0164","YEARLY","meanBaggedEAT200",0.153137104814898,0.150645067445828,8.09611304255012
"5","N0165","YEARLY","meanBaggedEAT200",0.165786097977969,0.162418288619263,8.19520249322527
