"","Series","Period","Method","RMSE","MAE","MAPE"
"1","N1646","MONTHLY","meanBaggedEAT200",0.264185080120861,0.22141123403959,43.186913815572
"2","N1647","MONTHLY","meanBaggedEAT200",0.270654768221779,0.244942102255505,49.3064218269096
"3","N1648","MONTHLY","meanBaggedEAT200",0.135124470842529,0.124278339183729,21.6946784758392
"4","N1649","MONTHLY","meanBaggedEAT200",0.442605324990893,0.344135682240855,32.3948479562553
"5","N1650","MONTHLY","meanBaggedEAT200",0.132075312747817,0.109652269120823,17.3836362034598
