"","Series","Period","Method","RMSE","MAE","MAPE"
"1","N1656","MONTHLY","meanBaggedEAT200",0.371855861111028,0.345634923796671,53.9998113005739
"2","N1657","MONTHLY","meanBaggedEAT200",0.297915492725234,0.258435539801333,47.4043608938619
"3","N1658","MONTHLY","meanBaggedEAT200",0.28100043614648,0.228768252435064,34.4840890185135
"4","N1659","MONTHLY","meanBaggedEAT200",0.408143024754354,0.368864130002084,100.947023797167
"5","N1660","MONTHLY","meanBaggedEAT200",0.295988336917179,0.246691352781279,27.4672906076106
