"","Series","Period","Method","RMSE","MAE","MAPE"
"1","N1671","MONTHLY","meanBaggedEAT200",0.247940657711247,0.214747337687771,18.3062452875519
"2","N1672","MONTHLY","meanBaggedEAT200",0.466462689258438,0.402029945192903,105.790498390461
"3","N1673","MONTHLY","meanBaggedEAT200",0.300882339850778,0.247612648071883,41.5093173560986
"4","N1674","MONTHLY","meanBaggedEAT200",0.237223562468777,0.204846436670114,27.392315918218
"5","N1675","MONTHLY","meanBaggedEAT200",0.290096610454941,0.233993245056575,42.5277412974396
