"","Series","Period","Method","RMSE","MAE","MAPE"
"1","N1676","MONTHLY","meanBaggedEAT200",0.348533841243164,0.27887503587331,46.4910623610763
"2","N1677","MONTHLY","meanBaggedEAT200",0.157504772495217,0.129466804014934,15.8017454857516
"3","N1678","MONTHLY","meanBaggedEAT200",0.319882489675906,0.265343102995063,87.0221373039023
"4","N1679","MONTHLY","meanBaggedEAT200",0.191182553804343,0.154606968703677,34.4896746071673
"5","N1680","MONTHLY","meanBaggedEAT200",0.171360168623536,0.142299123507086,44.4381716580531
