"","Series","Period","Method","RMSE","MAE","MAPE"
"1","N1686","MONTHLY","meanBaggedEAT200",0.141362809114608,0.110753450424584,13.5515394733058
"2","N1687","MONTHLY","meanBaggedEAT200",0.125292282656737,0.103751658808663,11.2095762544327
"3","N1688","MONTHLY","meanBaggedEAT200",0.0737291902463205,0.0606011459921072,6.9500986550563
"4","N1689","MONTHLY","meanBaggedEAT200",0.186350887133614,0.139627737858228,26.7973074488707
"5","N1690","MONTHLY","meanBaggedEAT200",0.209513294550856,0.169763342746916,43.966334415895
