"","Series","Period","Method","RMSE","MAE","MAPE"
"1","N1691","MONTHLY","meanBaggedEAT200",0.232277658630559,0.19319501264781,29.3922436805882
"2","N1692","MONTHLY","meanBaggedEAT200",0.200670591844659,0.154240619956955,56.5541337964598
"3","N1693","MONTHLY","meanBaggedEAT200",0.191746964849725,0.159632617271027,33.8795077398374
"4","N1694","MONTHLY","meanBaggedEAT200",0.230548361726054,0.187532738145303,47.7774076956761
"5","N1695","MONTHLY","meanBaggedEAT200",0.184580749394254,0.150091008894713,29.9939293863432
