"","Series","Period","Method","RMSE","MAE","MAPE"
"1","N0166","YEARLY","meanBaggedEAT200",0.122720057306343,0.108940596917183,63.0599651134369
"2","N0167","YEARLY","meanBaggedEAT200",0.183242824661491,0.155809450397115,7.80586795802684
"3","N0168","YEARLY","meanBaggedEAT200",0.173313987250933,0.128646956815627,3.882604740224
"4","N0169","YEARLY","meanBaggedEAT200",0.121740857713696,0.101519702177879,3.14481232493317
"5","N0170","YEARLY","meanBaggedEAT200",1.15247424381292,1.07679760607919,25.8775152382577
