"","Series","Period","Method","RMSE","MAE","MAPE"
"1","N1701","MONTHLY","meanBaggedEAT200",0.0631370263044727,0.0501995316348423,16.0404834588524
"2","N1702","MONTHLY","meanBaggedEAT200",0.143143443553066,0.116064247990997,22.9877324209622
"3","N1703","MONTHLY","meanBaggedEAT200",0.20864406810747,0.164903082412474,24.7496052690616
"4","N1704","MONTHLY","meanBaggedEAT200",0.105881156431853,0.0749223485116937,23.5329784442656
"5","N1705","MONTHLY","meanBaggedEAT200",1.40408855010404,1.09979158548744,460.741822079964
