"","Series","Period","Method","RMSE","MAE","MAPE"
"1","N1706","MONTHLY","meanBaggedEAT200",0.296222730184555,0.247756727689142,30.5956762547723
"2","N1707","MONTHLY","meanBaggedEAT200",0.280675915474864,0.237230701939653,38.4024652172109
"3","N1708","MONTHLY","meanBaggedEAT200",0.332513229841989,0.212695244354428,23.2107295266406
"4","N1709","MONTHLY","meanBaggedEAT200",0.30917382392178,0.209941943095247,20.2560076952377
"5","N1710","MONTHLY","meanBaggedEAT200",0.288087397876753,0.240570847547759,37.8740357289651
