"","Series","Period","Method","RMSE","MAE","MAPE"
"1","N1711","MONTHLY","meanBaggedEAT200",0.1006547307445,0.0864908091572439,10.912372007871
"2","N1712","MONTHLY","meanBaggedEAT200",0.0551958840356423,0.0392763432613716,4.66573538155461
"3","N1713","MONTHLY","meanBaggedEAT200",0.0683506507729096,0.0365182722436035,3.28210025169727
"4","N1714","MONTHLY","meanBaggedEAT200",0.228124003701798,0.155843838404259,18.9103728929249
"5","N1715","MONTHLY","meanBaggedEAT200",0.169540762992942,0.123462578266509,26.4841202387527
