"","Series","Period","Method","RMSE","MAE","MAPE"
"1","N1721","MONTHLY","meanBaggedEAT200",0.0567675192389813,0.0457596786553788,4.67712601195575
"2","N1722","MONTHLY","meanBaggedEAT200",0.112158545829059,0.0913121202181636,11.7678332002719
"3","N1723","MONTHLY","meanBaggedEAT200",0.0380663252317923,0.0277205703383119,2.96982766514645
"4","N1724","MONTHLY","meanBaggedEAT200",0.057835285263016,0.0468732874382386,6.38958728849485
"5","N1725","MONTHLY","meanBaggedEAT200",0.112784649413062,0.0913689726060949,9.88086626935866
