"","Series","Period","Method","RMSE","MAE","MAPE"
"1","N1736","MONTHLY","meanBaggedEAT200",0.145643366002249,0.115962259195184,33.8218782416539
"2","N1737","MONTHLY","meanBaggedEAT200",0.0913282479492778,0.070880470528469,21.617591178985
"3","N1738","MONTHLY","meanBaggedEAT200",0.105373523462329,0.086167412082072,26.6822801568982
"4","N1739","MONTHLY","meanBaggedEAT200",0.167553242044059,0.0851781469944894,23.9439143285539
"5","N1740","MONTHLY","meanBaggedEAT200",0.241912502774504,0.218512564380948,26.8340374269484
