"","Series","Period","Method","RMSE","MAE","MAPE"
"1","N1741","MONTHLY","meanBaggedEAT200",0.311222929912921,0.163010658280258,32.2408502685879
"2","N1742","MONTHLY","meanBaggedEAT200",0.152507401002833,0.118259875741971,21.4664634968239
"3","N1743","MONTHLY","meanBaggedEAT200",0.168100314235601,0.14121222289076,24.0000600505883
"4","N1744","MONTHLY","meanBaggedEAT200",0.153887024694118,0.105890682912458,22.0863908095129
"5","N1745","MONTHLY","meanBaggedEAT200",0.426262357019701,0.395727952218649,79.665614914786
