"","Series","Period","Method","RMSE","MAE","MAPE"
"1","N0171","YEARLY","meanBaggedEAT200",1.20667864553941,1.14191227626191,26.0657820511367
"2","N0172","YEARLY","meanBaggedEAT200",0.865872873412557,0.73226715569829,18.0713430871879
"3","N0173","YEARLY","meanBaggedEAT200",0.741370237143511,0.643856649976525,18.0193638978966
"4","N0174","YEARLY","meanBaggedEAT200",3.11814504983899,2.58333104705617,196.93154434749
"5","N0175","YEARLY","meanBaggedEAT200",1.07345398748679,0.920973033537833,22.0687542590464
