"","Series","Period","Method","RMSE","MAE","MAPE"
"1","N1746","MONTHLY","meanBaggedEAT200",0.19307410166304,0.162859597437812,31.1550234756453
"2","N1747","MONTHLY","meanBaggedEAT200",0.187289322578192,0.155409437070165,44.5352747118561
"3","N1748","MONTHLY","meanBaggedEAT200",0.125966411641484,0.0980666697214193,24.1002401388965
"4","N1749","MONTHLY","meanBaggedEAT200",0.175722045509665,0.147916148215323,20.6196741858627
"5","N1750","MONTHLY","meanBaggedEAT200",0.0755543183391764,0.0609008205415919,8.31245985913509
