"","Series","Period","Method","RMSE","MAE","MAPE"
"1","N1766","MONTHLY","meanBaggedEAT200",0.125936144776432,0.0937215016945489,10.6316372600382
"2","N1767","MONTHLY","meanBaggedEAT200",0.0586220192398567,0.0463706935599605,8.47793656940821
"3","N1768","MONTHLY","meanBaggedEAT200",0.137988463509837,0.128897449401504,16.5747199090755
"4","N1769","MONTHLY","meanBaggedEAT200",0.046025420131185,0.0361431403410093,4.08612957817898
"5","N1770","MONTHLY","meanBaggedEAT200",0.0789434628214061,0.0643246037089049,7.23055134699235
