"","Series","Period","Method","RMSE","MAE","MAPE"
"1","N1771","MONTHLY","meanBaggedEAT200",0.0371368937186577,0.0287395947742764,2.95916508169698
"2","N1772","MONTHLY","meanBaggedEAT200",0.0284129621959901,0.0223446291018654,2.3228130677969
"3","N1773","MONTHLY","meanBaggedEAT200",0.0686358621003368,0.0512642590679672,6.28544806681763
"4","N1774","MONTHLY","meanBaggedEAT200",0.0385462918988368,0.0337923373081181,4.25850572729128
"5","N1775","MONTHLY","meanBaggedEAT200",0.0862086311033906,0.0741605862291799,8.68658341838215
