"","Series","Period","Method","RMSE","MAE","MAPE"
"1","N1781","MONTHLY","meanBaggedEAT200",0.601169504199445,0.407086506908124,77.485754872996
"2","N1782","MONTHLY","meanBaggedEAT200",0.233666977209516,0.174665051879363,30.3778652108211
"3","N1783","MONTHLY","meanBaggedEAT200",0.157572155481717,0.138869585746987,43.0756433625305
"4","N1784","MONTHLY","meanBaggedEAT200",0.109048562282805,0.0886515519372368,25.6998581192601
"5","N1785","MONTHLY","meanBaggedEAT200",0.11374058401054,0.097056407003077,50.2324500655016
