"","Series","Period","Method","RMSE","MAE","MAPE"
"1","N1786","MONTHLY","meanBaggedEAT200",0.120824751097219,0.1072559120052,43.2017544675119
"2","N1787","MONTHLY","meanBaggedEAT200",0.216747939823704,0.175691328090851,40.9255312851853
"3","N1788","MONTHLY","meanBaggedEAT200",0.156985276113973,0.137895252797612,23.3454521919948
"4","N1789","MONTHLY","meanBaggedEAT200",0.0845797148339307,0.0663779286101555,26.1524594556626
"5","N1790","MONTHLY","meanBaggedEAT200",0.438536822161762,0.383141922493307,42.7575276770359
