"","Series","Period","Method","RMSE","MAE","MAPE"
"1","N1796","MONTHLY","meanBaggedEAT200",0.392139359492196,0.294906508003346,24.9324924533407
"2","N1797","MONTHLY","meanBaggedEAT200",0.394100801125612,0.341636488900584,33.2734627494869
"3","N1798","MONTHLY","meanBaggedEAT200",0.13888338354794,0.120098436802061,25.8692993624497
"4","N1799","MONTHLY","meanBaggedEAT200",0.506612037990349,0.439811169031529,37.0647992380347
"5","N1800","MONTHLY","meanBaggedEAT200",0.32422476743054,0.272564401678694,36.00455166672
