"","Series","Period","Method","RMSE","MAE","MAPE"
"1","N1801","MONTHLY","meanBaggedEAT200",0.312768672127308,0.270219099129669,29.9274755482017
"2","N1802","MONTHLY","meanBaggedEAT200",0.266187449588821,0.20899261008557,37.1359544565538
"3","N1803","MONTHLY","meanBaggedEAT200",0.136241204252532,0.105674500359622,35.3250769804475
"4","N1804","MONTHLY","meanBaggedEAT200",0.340214381763707,0.290589767931949,30.499229176484
"5","N1805","MONTHLY","meanBaggedEAT200",0.295760255411905,0.247889634855542,23.0093810293505
