"","Series","Period","Method","RMSE","MAE","MAPE"
"1","N1806","MONTHLY","meanBaggedEAT200",0.195457927308819,0.173203691921311,43.1266233489857
"2","N1807","MONTHLY","meanBaggedEAT200",0.0807378568392259,0.0622643397400818,10.402529681905
"3","N1808","MONTHLY","meanBaggedEAT200",0.0641090846854645,0.0549329165796111,6.91460569143697
"4","N1809","MONTHLY","meanBaggedEAT200",0.0883385280381787,0.072681586659115,7.71346662940634
"5","N1810","MONTHLY","meanBaggedEAT200",0.0812856237872616,0.0713802452370388,9.79724561984445
