"","Series","Period","Method","RMSE","MAE","MAPE"
"1","N1811","MONTHLY","meanBaggedEAT200",0.0364648047664988,0.0332742395280517,3.57133595148047
"2","N1812","MONTHLY","meanBaggedEAT200",0.132989195873317,0.0885780577256338,14.1457298213373
"3","N1813","MONTHLY","meanBaggedEAT200",0.107070950263439,0.0885965456321767,8.596780740153
"4","N1814","MONTHLY","meanBaggedEAT200",0.0488756935316946,0.0430373117971272,5.41802739676788
"5","N1815","MONTHLY","meanBaggedEAT200",0.0700517375245283,0.0627714783724947,6.52260812201217
