"","Series","Period","Method","RMSE","MAE","MAPE"
"1","N1816","MONTHLY","meanBaggedEAT200",0.0885299808230302,0.0727159248287679,8.6460356331886
"2","N1817","MONTHLY","meanBaggedEAT200",0.110270544147138,0.0976595638275237,14.8640721291312
"3","N1818","MONTHLY","meanBaggedEAT200",0.0763283811588309,0.0652232711990079,7.52869446448133
"4","N1819","MONTHLY","meanBaggedEAT200",0.0294826844316235,0.0231639141564048,2.53759171050941
"5","N1820","MONTHLY","meanBaggedEAT200",0.435786519033784,0.413060744015649,43.9479211978316
