"","Series","Period","Method","RMSE","MAE","MAPE"
"1","N1826","MONTHLY","meanBaggedEAT200",0.0589701100755861,0.0442340555441921,4.89983219698895
"2","N1827","MONTHLY","meanBaggedEAT200",0.0826001465249484,0.0750888029809206,8.38735841746929
"3","N1828","MONTHLY","meanBaggedEAT200",0.246626676383772,0.206033327760643,23.4623876718462
"4","N1829","MONTHLY","meanBaggedEAT200",0.240518945482348,0.205739379080732,51.101803034736
"5","N1830","MONTHLY","meanBaggedEAT200",0.460286438607702,0.406583302409936,83.0295255251046
