"","Series","Period","Method","RMSE","MAE","MAPE"
"1","N1831","MONTHLY","meanBaggedEAT200",0.140388622825955,0.112712630318218,25.4275303495453
"2","N1832","MONTHLY","meanBaggedEAT200",0.479934935085917,0.394770037629543,30.761407761721
"3","N1833","MONTHLY","meanBaggedEAT200",0.985877755100927,0.715945967370668,44.3986238551348
"4","N1834","MONTHLY","meanBaggedEAT200",1.32265404459707,0.992380218548904,29.9861355290349
"5","N1835","MONTHLY","meanBaggedEAT200",0.271103590154476,0.240950394214974,36.5418249645643
