"","Series","Period","Method","RMSE","MAE","MAPE"
"1","N1836","MONTHLY","meanBaggedEAT200",0.42193290010596,0.332464133328481,33.8673805372987
"2","N1837","MONTHLY","meanBaggedEAT200",0.875946751863599,0.770753292789751,32.3907424885098
"3","N1838","MONTHLY","meanBaggedEAT200",0.295038500438765,0.220469333006166,24.7785903212625
"4","N1839","MONTHLY","meanBaggedEAT200",1.75904654439217,1.6308946413812,152.52973227052
"5","N1840","MONTHLY","meanBaggedEAT200",0.394705424651878,0.305292464673627,16.070329056129
