"","Series","Period","Method","RMSE","MAE","MAPE"
"1","N0181","YEARLY","meanBaggedEAT200",0.823477095124509,0.652257230026294,15.5557326704574
"2","N0182","YEARLY","meanBaggedEAT200",0.767054087847833,0.649749817462922,21.4477923075189
"3","N0183","YEARLY","meanBaggedEAT200",0.598799739235578,0.471248063842382,15.4539195966083
"4","N0184","YEARLY","meanBaggedEAT200",0.2677395768409,0.181668023453031,4.30292536510678
"5","N0185","YEARLY","meanBaggedEAT200",0.766254991380061,0.605471548820247,16.3460476674736
