"","Series","Period","Method","RMSE","MAE","MAPE"
"1","N1846","MONTHLY","meanBaggedEAT200",0.0195054745733408,0.0142034533915353,1.72110407126154
"2","N1847","MONTHLY","meanBaggedEAT200",0.0366444026607894,0.0301489471746068,3.37134010312812
"3","N1848","MONTHLY","meanBaggedEAT200",0.0252839797057105,0.0214551424939049,2.73363474234092
"4","N1849","MONTHLY","meanBaggedEAT200",0.0354867156522751,0.0294191811881601,3.33440141074845
"5","N1850","MONTHLY","meanBaggedEAT200",0.125612308616249,0.0959583662217993,10.0046215067306
