"","Series","Period","Method","RMSE","MAE","MAPE"
"1","N1856","MONTHLY","meanBaggedEAT200",0.331373097149101,0.263005128648202,22.2788770120989
"2","N1857","MONTHLY","meanBaggedEAT200",0.12556094813262,0.0843901391612108,7.97227608225983
"3","N1858","MONTHLY","meanBaggedEAT200",0.0471813234081906,0.0385959578888633,3.85528060824546
"4","N1859","MONTHLY","meanBaggedEAT200",0.079911126887044,0.059320277853857,5.91957008247717
"5","N1860","MONTHLY","meanBaggedEAT200",0.239220986871401,0.133474584124078,11.6838551236539
