"","Series","Period","Method","RMSE","MAE","MAPE"
"1","N1871","MONTHLY","meanBaggedEAT200",0.0775830549223703,0.0619947838790838,5.2952236832064
"2","N1872","MONTHLY","meanBaggedEAT200",0.0148196853228887,0.0115449702409191,1.17433293742725
"3","N1873","MONTHLY","meanBaggedEAT200",0.0593831420099327,0.0458224622827126,4.62853887033606
"4","N1874","MONTHLY","meanBaggedEAT200",0.0103995790357062,0.00837457330274588,0.842894550676346
"5","N1875","MONTHLY","meanBaggedEAT200",0.054782629639073,0.0491781749024916,6.10512492588383
