"","Series","Period","Method","RMSE","MAE","MAPE"
"1","N1881","MONTHLY","meanBaggedEAT200",0.49889696558112,0.442454018187909,19.4796882243791
"2","N1882","MONTHLY","meanBaggedEAT200",0.00950651274042136,0.00797973618213777,0.632090735210501
"3","N1883","MONTHLY","meanBaggedEAT200",0.00582175898200852,0.00501859471882493,0.429528725533665
"4","N1884","MONTHLY","meanBaggedEAT200",0.0162919361653353,0.0151135716179477,1.31806384932712
"5","N1885","MONTHLY","meanBaggedEAT200",0.166285626218274,0.156916405005668,16.5458381642732
