"","Series","Period","Method","RMSE","MAE","MAPE"
"1","N1886","MONTHLY","meanBaggedEAT200",0.148314483438439,0.122283888791402,11.4838870372768
"2","N1887","MONTHLY","meanBaggedEAT200",0.120330562798496,0.102499004438389,11.3963469656878
"3","N1888","MONTHLY","meanBaggedEAT200",0.0624766482719326,0.0530016981093357,4.10302958906756
"4","N1889","MONTHLY","meanBaggedEAT200",0.0474876460324113,0.0423604015939296,3.60252663901265
"5","N1890","MONTHLY","meanBaggedEAT200",0.056843508601996,0.0424198949876047,3.73843639145708
