"","Series","Period","Method","RMSE","MAE","MAPE"
"1","N0186","YEARLY","meanBaggedEAT200",1.31017175291703,1.11681815537992,18.9614910025669
"2","N0187","YEARLY","meanBaggedEAT200",1.22304551223764,1.03977885371219,29.9016699858741
"3","N0188","YEARLY","meanBaggedEAT200",2.10261301171921,1.82524906305828,33.39671933991
"4","N0189","YEARLY","meanBaggedEAT200",1.47561541540363,1.33968216841088,31.6206402821531
"5","N0190","YEARLY","meanBaggedEAT200",0.32690331675437,0.292216072232143,7.30184451595461
