"","Series","Period","Method","RMSE","MAE","MAPE"
"1","N1896","MONTHLY","meanBaggedEAT200",0.0556666370207615,0.0434335139653823,3.19409720227337
"2","N1897","MONTHLY","meanBaggedEAT200",0.0458945200981447,0.0369295209717472,2.84067710128434
"3","N1898","MONTHLY","meanBaggedEAT200",0.0804733091283607,0.0608838609414228,3.61435508707114
"4","N1899","MONTHLY","meanBaggedEAT200",0.0370919090476869,0.0296093929883048,3.14585225891253
"5","N1900","MONTHLY","meanBaggedEAT200",0.0662286296450805,0.0493310035029799,3.99092323265486
