"","Series","Period","Method","RMSE","MAE","MAPE"
"1","N1901","MONTHLY","meanBaggedEAT200",0.0685350752075918,0.0554300190881626,3.96166299536486
"2","N1902","MONTHLY","meanBaggedEAT200",0.0897584408876762,0.0642830526325645,5.37857961186463
"3","N1903","MONTHLY","meanBaggedEAT200",0.063563869839402,0.059186144603989,5.66841743925464
"4","N1904","MONTHLY","meanBaggedEAT200",0.11806256246749,0.0979929612750422,6.90823875853003
"5","N1905","MONTHLY","meanBaggedEAT200",0.240833439288037,0.208892026303763,21.0792349080327
