"","Series","Period","Method","RMSE","MAE","MAPE"
"1","N1906","MONTHLY","meanBaggedEAT200",0.0389764130454335,0.0297069191864201,5.2217687856984
"2","N1907","MONTHLY","meanBaggedEAT200",0.0700291426502595,0.0594722887999028,5.7187009096586
"3","N1908","MONTHLY","meanBaggedEAT200",0.0672205651899249,0.0509921301848271,5.27310100325046
"4","N1909","MONTHLY","meanBaggedEAT200",0.0513569128923459,0.0369154143019175,3.94014325710757
"5","N1910","MONTHLY","meanBaggedEAT200",0.0410523906666189,0.0344612851440134,3.56591566957336
