"","Series","Period","Method","RMSE","MAE","MAPE"
"1","N1911","MONTHLY","meanBaggedEAT200",0.15472226941678,0.121729322858742,11.412222324163
"2","N1912","MONTHLY","meanBaggedEAT200",0.0793634392720961,0.0642232266724797,7.23071961341391
"3","N1913","MONTHLY","meanBaggedEAT200",0.0883302126700714,0.0737309155078948,7.75047419499553
"4","N1914","MONTHLY","meanBaggedEAT200",0.0634404890873562,0.0515996445640335,5.02662407232621
"5","N1915","MONTHLY","meanBaggedEAT200",0.0724868577909442,0.0588184024696596,5.37794712615299
