"","Series","Period","Method","RMSE","MAE","MAPE"
"1","N1926","MONTHLY","meanBaggedEAT200",0.0445315890912818,0.033376815735485,3.00451898290183
"2","N1927","MONTHLY","meanBaggedEAT200",0.117445028138186,0.0914708120695588,6.02453710868384
"3","N1928","MONTHLY","meanBaggedEAT200",0.0518464621310818,0.0404279517474799,3.95654468936696
"4","N1929","MONTHLY","meanBaggedEAT200",0.0667722649758151,0.0498498512098435,4.51690482079319
"5","N1930","MONTHLY","meanBaggedEAT200",0.0990269545211801,0.0837876708457418,5.85570878981904
