"","Series","Period","Method","RMSE","MAE","MAPE"
"1","N1931","MONTHLY","meanBaggedEAT200",0.0776812519936016,0.0586246704933521,5.78257937846359
"2","N1932","MONTHLY","meanBaggedEAT200",0.0671290543731981,0.0566898651843118,5.27972026487794
"3","N1933","MONTHLY","meanBaggedEAT200",0.254312040453399,0.236430825406859,26.1984826072097
"4","N1934","MONTHLY","meanBaggedEAT200",0.140449205981182,0.0785925121669789,11.9402435034515
"5","N1935","MONTHLY","meanBaggedEAT200",0.850685301869344,0.693365554542632,32.1803175142661
