"","Series","Period","Method","RMSE","MAE","MAPE"
"1","N1936","MONTHLY","meanBaggedEAT200",0.0906794083244683,0.0674746475211647,8.448331228634
"2","N1937","MONTHLY","meanBaggedEAT200",0.0838020474489919,0.0641887056112783,8.2143669343074
"3","N1938","MONTHLY","meanBaggedEAT200",0.0509279993521048,0.0390594893147964,4.44650971215337
"4","N1939","MONTHLY","meanBaggedEAT200",0.0576612646841237,0.0453323627047013,5.34178007541664
"5","N1940","MONTHLY","meanBaggedEAT200",0.0645038371112954,0.0487208624230896,5.49054191424689
