"","Series","Period","Method","RMSE","MAE","MAPE"
"1","N1941","MONTHLY","meanBaggedEAT200",0.810365704333991,0.548078340074502,23.1915955021522
"2","N1942","MONTHLY","meanBaggedEAT200",1.00955798792947,0.658337699886038,23.5988775364709
"3","N1943","MONTHLY","meanBaggedEAT200",0.497282953149813,0.443802598641621,24.9686326188614
"4","N1944","MONTHLY","meanBaggedEAT200",0.20804600942468,0.192480753828081,14.2611924872286
"5","N1945","MONTHLY","meanBaggedEAT200",0.335061559115541,0.31399799035532,22.3524998576733
