"","Series","Period","Method","RMSE","MAE","MAPE"
"1","N1946","MONTHLY","meanBaggedEAT200",0.0728393949686558,0.0633096682926985,4.73363505520486
"2","N1947","MONTHLY","meanBaggedEAT200",0.14238877238677,0.118317187675431,8.81144212602988
"3","N1948","MONTHLY","meanBaggedEAT200",0.0927785815920225,0.0809293169861981,7.58313560982277
"4","N1949","MONTHLY","meanBaggedEAT200",0.811986623096731,0.637170355538623,24.2751689164759
"5","N1950","MONTHLY","meanBaggedEAT200",0.122465553530842,0.10041928738855,12.5479963517284
