"","Series","Period","Method","RMSE","MAE","MAPE"
"1","N1961","MONTHLY","meanBaggedEAT200",0.112213171605742,0.0963280563950441,9.58378422892066
"2","N1962","MONTHLY","meanBaggedEAT200",0.158573096377927,0.141933674409356,12.4091781211278
"3","N1963","MONTHLY","meanBaggedEAT200",0.162545264410642,0.121525205142723,12.8777211434369
"4","N1964","MONTHLY","meanBaggedEAT200",0.103470497634151,0.0864042338840049,8.90857397747692
"5","N1965","MONTHLY","meanBaggedEAT200",0.229603541837691,0.174981613363655,12.5530064145905
