"","Series","Period","Method","RMSE","MAE","MAPE"
"1","N1976","MONTHLY","meanBaggedEAT200",0.0468398270944027,0.0394986504542303,12.2183105555222
"2","N1977","MONTHLY","meanBaggedEAT200",0.199358838987697,0.166940768011414,13.6195573702835
"3","N1978","MONTHLY","meanBaggedEAT200",0.109771155817005,0.0997184660921451,8.15187213436175
"4","N1979","MONTHLY","meanBaggedEAT200",0.117922816915888,0.105916139805909,8.45621826626786
"5","N1980","MONTHLY","meanBaggedEAT200",0.34707401886959,0.272627421680424,28.7670392524091
