"","Series","Period","Method","RMSE","MAE","MAPE"
"1","N1986","MONTHLY","meanBaggedEAT200",0.665961958918043,0.60275215995904,39.78286128243
"2","N1987","MONTHLY","meanBaggedEAT200",0.053300916411748,0.0412579841726996,4.07008180789154
"3","N1988","MONTHLY","meanBaggedEAT200",0.0289863386435181,0.0227780708060181,2.25349220097839
"4","N1989","MONTHLY","meanBaggedEAT200",0.154249229021645,0.127130253086465,15.0966678977182
"5","N1990","MONTHLY","meanBaggedEAT200",0.0456007377361925,0.0373921091583725,3.5361319767101
