"","Series","Period","Method","RMSE","MAE","MAPE"
"1","N1991","MONTHLY","meanBaggedEAT200",0.0557969185206362,0.0462456490129038,4.64105218397925
"2","N1992","MONTHLY","meanBaggedEAT200",0.0758765516538024,0.062099467835561,15.6502086096454
"3","N1993","MONTHLY","meanBaggedEAT200",0.0417979259561122,0.0311970250730718,3.23729116493538
"4","N1994","MONTHLY","meanBaggedEAT200",0.130091445160128,0.117294349376071,12.456110785263
"5","N1995","MONTHLY","meanBaggedEAT200",0.043032646085515,0.037133802870146,3.8645614359857
