"","Series","Period","Method","RMSE","MAE","MAPE"
"1","N0196","YEARLY","meanBaggedEAT200",0.0328021974829268,0.0285429212026606,4.06606966413923
"2","N0197","YEARLY","meanBaggedEAT200",0.266115281935921,0.238480342264216,12.2867368764654
"3","N0198","YEARLY","meanBaggedEAT200",0.0831112311898782,0.072204936311635,4.69725301320863
"4","N0199","YEARLY","meanBaggedEAT200",0.578767214342352,0.484275352106443,27.9605898631053
"5","N0200","YEARLY","meanBaggedEAT200",0.211517585481796,0.188098108767427,12.5390945145761
