"","Series","Period","Method","RMSE","MAE","MAPE"
"1","N1996","MONTHLY","meanBaggedEAT200",0.0797233399838307,0.0672562439717422,6.64418060209506
"2","N1997","MONTHLY","meanBaggedEAT200",0.0728511052629888,0.0620744920748452,5.26747842327907
"3","N1998","MONTHLY","meanBaggedEAT200",0.0322382980041227,0.0252109207797606,2.26708249730758
"4","N1999","MONTHLY","meanBaggedEAT200",0.0648031968250773,0.0550055374239752,4.21655231234926
"5","N2000","MONTHLY","meanBaggedEAT200",0.282461572972891,0.240065791124964,28.399627733418
