"","Series","Period","Method","RMSE","MAE","MAPE"
"1","N2006","MONTHLY","meanBaggedEAT200",0.0704769108467738,0.0554516382637007,5.14828015914118
"2","N2007","MONTHLY","meanBaggedEAT200",0.112938372948439,0.077980625760471,5.18998416205219
"3","N2008","MONTHLY","meanBaggedEAT200",0.128937655249222,0.101018696396812,17.3087683042627
"4","N2009","MONTHLY","meanBaggedEAT200",0.304575540055101,0.209572768329184,18.019449984507
"5","N2010","MONTHLY","meanBaggedEAT200",0.320243773337197,0.230183182486109,21.5650049587863
