"","Series","Period","Method","RMSE","MAE","MAPE"
"1","N2011","MONTHLY","meanBaggedEAT200",0.0960854289999354,0.0811915704183681,7.40641271540973
"2","N2012","MONTHLY","meanBaggedEAT200",0.0628186273169383,0.0536110332227662,3.91232950740319
"3","N2013","MONTHLY","meanBaggedEAT200",0.0984586890608509,0.0876680958677344,6.88175564287712
"4","N2014","MONTHLY","meanBaggedEAT200",0.0997360334270787,0.0812064123313898,6.74171659024864
"5","N2015","MONTHLY","meanBaggedEAT200",0.166398397461282,0.142013569961339,8.60080885269794
