"","Series","Period","Method","RMSE","MAE","MAPE"
"1","N2021","MONTHLY","meanBaggedEAT200",0.0454331195144155,0.0343763561522666,2.96529028991432
"2","N2022","MONTHLY","meanBaggedEAT200",0.118029923337027,0.0946408426239678,8.59831655479512
"3","N2023","MONTHLY","meanBaggedEAT200",0.0491437600118537,0.0373712780734155,3.18374246206657
"4","N2024","MONTHLY","meanBaggedEAT200",0.0377299617783402,0.0304179446385179,2.63670880371492
"5","N2025","MONTHLY","meanBaggedEAT200",0.0388111332149752,0.030516282680585,3.01339030353616
