"","Series","Period","Method","RMSE","MAE","MAPE"
"1","N2026","MONTHLY","meanBaggedEAT200",0.103516518836518,0.0900407599019056,7.376543578678
"2","N2027","MONTHLY","meanBaggedEAT200",0.339103616935277,0.226704812811749,12.7705555758753
"3","N2028","MONTHLY","meanBaggedEAT200",0.0773857800056229,0.0625148479967861,7.67538556467724
"4","N2029","MONTHLY","meanBaggedEAT200",0.192044504509067,0.169750762702697,10.5096555970134
"5","N2030","MONTHLY","meanBaggedEAT200",0.145467568792134,0.101903372759051,8.69036249969776
