"","Series","Period","Method","RMSE","MAE","MAPE"
"1","N2031","MONTHLY","meanBaggedEAT200",0.14280848334805,0.102320473478982,8.89886307359595
"2","N2032","MONTHLY","meanBaggedEAT200",0.0191342281647374,0.0155946368482447,1.36225666211798
"3","N2033","MONTHLY","meanBaggedEAT200",0.0289694220885735,0.022048952158975,1.94649251851983
"4","N2034","MONTHLY","meanBaggedEAT200",0.0291735608748619,0.0239910408888492,2.07327344976065
"5","N2035","MONTHLY","meanBaggedEAT200",0.143522982539976,0.113450851143623,9.82311747616932
