"","Series","Period","Method","RMSE","MAE","MAPE"
"1","N2041","MONTHLY","meanBaggedEAT200",0.0579594145444931,0.0423559683457188,3.66816713142195
"2","N2042","MONTHLY","meanBaggedEAT200",0.0459836677387589,0.034854027769753,3.01983316359049
"3","N2043","MONTHLY","meanBaggedEAT200",0.0286727522174429,0.0222503439405485,2.89610344842037
"4","N2044","MONTHLY","meanBaggedEAT200",0.0446879627949732,0.0386259602723862,3.38158360316177
"5","N2045","MONTHLY","meanBaggedEAT200",0.133189766015157,0.109933368239936,10.3563367237311
