"","Series","Period","Method","RMSE","MAE","MAPE"
"1","N0201","YEARLY","meanBaggedEAT200",0.161018396837912,0.13662703422989,34.3484278735723
"2","N0202","YEARLY","meanBaggedEAT200",0.388137983436847,0.24467444973022,10.8988152271063
"3","N0203","YEARLY","meanBaggedEAT200",0.742662808033203,0.558943003382518,16.4506207282711
"4","N0204","YEARLY","meanBaggedEAT200",0.319832845769736,0.248620441920873,15.0040525871001
"5","N0205","YEARLY","meanBaggedEAT200",0.227563848771327,0.22201467334501,21.4416428609891
