"","Series","Period","Method","RMSE","MAE","MAPE"
"1","N2051","MONTHLY","meanBaggedEAT200",0.193136588253138,0.163461263676215,13.541100928983
"2","N2052","MONTHLY","meanBaggedEAT200",0.117423288393349,0.0928416342278813,9.02201397717394
"3","N2053","MONTHLY","meanBaggedEAT200",0.0408306692237821,0.0329500877775621,2.81258172325303
"4","N2054","MONTHLY","meanBaggedEAT200",0.0766895279173132,0.0626559730692159,6.09111484056867
"5","N2055","MONTHLY","meanBaggedEAT200",0.0327437377908701,0.0260527472682503,2.36032818360895
