"","Series","Period","Method","RMSE","MAE","MAPE"
"1","N2061","MONTHLY","meanBaggedEAT200",0.0432493245860247,0.0316052364839304,4.98938278237251
"2","N2062","MONTHLY","meanBaggedEAT200",0.12654875209249,0.100514559423552,8.80819002349699
"3","N2063","MONTHLY","meanBaggedEAT200",0.0286688353295159,0.0235712165233429,1.91357059603569
"4","N2064","MONTHLY","meanBaggedEAT200",0.19318504675539,0.163310846115484,11.8896243364913
"5","N2065","MONTHLY","meanBaggedEAT200",0.0164174810231426,0.014351366882013,1.34140673616666
