"","Series","Period","Method","RMSE","MAE","MAPE"
"1","N2066","MONTHLY","meanBaggedEAT200",0.0350460808287089,0.0284031495617444,2.65466337199025
"2","N2067","MONTHLY","meanBaggedEAT200",0.0360324921715688,0.0333163211947186,3.99658830257848
"3","N2068","MONTHLY","meanBaggedEAT200",0.136467546327746,0.11518103683933,7.81198166872064
"4","N2069","MONTHLY","meanBaggedEAT200",0.0714643926869539,0.0542353278058008,7.09713889405313
"5","N2070","MONTHLY","meanBaggedEAT200",0.0263892349306734,0.0212853467835421,1.97946052136355
