"","Series","Period","Method","RMSE","MAE","MAPE"
"1","N2071","MONTHLY","meanBaggedEAT200",0.0277199910971736,0.0220346873581414,2.06639148660736
"2","N2072","MONTHLY","meanBaggedEAT200",0.0293555216757709,0.0253980591342263,2.35500794813817
"3","N2073","MONTHLY","meanBaggedEAT200",0.016531546644395,0.0127531948938718,1.19649065197292
"4","N2074","MONTHLY","meanBaggedEAT200",0.0159742827279235,0.01268861467521,1.13929084872134
"5","N2075","MONTHLY","meanBaggedEAT200",0.0336736654250986,0.0287569536761777,2.65730972069054
