"","Series","Period","Method","RMSE","MAE","MAPE"
"1","N2076","MONTHLY","meanBaggedEAT200",0.0462441049721094,0.0357906194039573,3.92099140791427
"2","N2077","MONTHLY","meanBaggedEAT200",0.0529678258255261,0.0400358226119366,4.15570703009787
"3","N2078","MONTHLY","meanBaggedEAT200",0.0539591172477881,0.044691517776586,4.29458529827867
"4","N2079","MONTHLY","meanBaggedEAT200",0.0528039968681271,0.0408813051298208,4.32119513893541
"5","N2080","MONTHLY","meanBaggedEAT200",0.0584306441657036,0.0491698181071401,4.30181261470455
