"","Series","Period","Method","RMSE","MAE","MAPE"
"1","N2081","MONTHLY","meanBaggedEAT200",0.0654918003146386,0.0515275969258672,5.53371745176829
"2","N2082","MONTHLY","meanBaggedEAT200",0.132866732493104,0.121656826878426,15.4004514615304
"3","N2083","MONTHLY","meanBaggedEAT200",0.180098896360602,0.11989096304212,11.6367712467775
"4","N2084","MONTHLY","meanBaggedEAT200",0.0410187406440049,0.0353888678252979,3.27608348252914
"5","N2085","MONTHLY","meanBaggedEAT200",0.152666327073723,0.131711703309901,11.3325340677103
