"","Series","Period","Method","RMSE","MAE","MAPE"
"1","N2086","MONTHLY","meanBaggedEAT200",0.0523505863315102,0.0398344075424576,2.71262659842809
"2","N2087","MONTHLY","meanBaggedEAT200",0.115489978177661,0.094202171564282,6.98326452899691
"3","N2088","MONTHLY","meanBaggedEAT200",0.441316887098612,0.431668836021529,50.5522493679033
"4","N2089","MONTHLY","meanBaggedEAT200",0.443018892545872,0.433316428901767,50.6913562634479
"5","N2090","MONTHLY","meanBaggedEAT200",0.527197378359175,0.353007704546295,40.1646293705445
