"","Series","Period","Method","RMSE","MAE","MAPE"
"1","N2091","MONTHLY","meanBaggedEAT200",0.609550789491451,0.582905938257273,85.7275410730784
"2","N2092","MONTHLY","meanBaggedEAT200",0.110756992996715,0.105712098217317,13.5265804339329
"3","N2093","MONTHLY","meanBaggedEAT200",0.327837322536291,0.251482998179374,37.8100731696559
"4","N2094","MONTHLY","meanBaggedEAT200",0.0770121813335281,0.0700170623202144,6.56261096962792
"5","N2095","MONTHLY","meanBaggedEAT200",0.0852712091954304,0.0708800889137951,6.94898301153874
