"","Series","Period","Method","RMSE","MAE","MAPE"
"1","N2106","MONTHLY","meanBaggedEAT200",0.117403851545229,0.0962567061841156,10.0943486845728
"2","N2107","MONTHLY","meanBaggedEAT200",0.177903798015536,0.139654129832365,18.3748485291141
"3","N2108","MONTHLY","meanBaggedEAT200",0.160650998323428,0.147506248260578,16.6034888165794
"4","N2109","MONTHLY","meanBaggedEAT200",0.0974019990103234,0.0662646654208517,10.1347681221363
"5","N2110","MONTHLY","meanBaggedEAT200",0.393530863240394,0.344241420860825,28.4123794296261
