"","Series","Period","Method","RMSE","MAE","MAPE"
"1","N2111","MONTHLY","meanBaggedEAT200",0.456919143986273,0.382890616538579,30.192149386639
"2","N2112","MONTHLY","meanBaggedEAT200",0.0722085633182271,0.0607411822425607,5.78047368297008
"3","N2113","MONTHLY","meanBaggedEAT200",0.207514593962764,0.145918903349591,10.1540124654417
"4","N2114","MONTHLY","meanBaggedEAT200",0.0493913226612976,0.0380617625094925,3.2275667303381
"5","N2115","MONTHLY","meanBaggedEAT200",0.055560184835259,0.0432648347463287,3.60709889196909
