"","Series","Period","Method","RMSE","MAE","MAPE"
"1","N2116","MONTHLY","meanBaggedEAT200",0.0528267110984079,0.0393665367825952,3.30701348309836
"2","N2117","MONTHLY","meanBaggedEAT200",0.720809436367914,0.629682691339242,61.9180185549017
"3","N2118","MONTHLY","meanBaggedEAT200",0.0313513969875394,0.0248653058262929,2.29880625312601
"4","N2119","MONTHLY","meanBaggedEAT200",0.05448663970627,0.0484840202766054,3.47086220409999
"5","N2120","MONTHLY","meanBaggedEAT200",0.0735322795834868,0.0544987056636278,4.8516566727923
