"","Series","Period","Method","RMSE","MAE","MAPE"
"1","N2131","MONTHLY","meanBaggedEAT200",0.291819430538145,0.21139753294155,23.6864939685314
"2","N2132","MONTHLY","meanBaggedEAT200",0.308277781715708,0.257388990098509,34.0310496491828
"3","N2133","MONTHLY","meanBaggedEAT200",0.40566830913567,0.30986408225773,18.6984194765984
"4","N2134","MONTHLY","meanBaggedEAT200",0.0773794124385912,0.0616065826187039,7.27699672975563
"5","N2135","MONTHLY","meanBaggedEAT200",0.0589699010950959,0.0493308741298567,6.41847982176284
