"","Series","Period","Method","RMSE","MAE","MAPE"
"1","N0211","YEARLY","meanBaggedEAT200",0.0571056960334911,0.0477981796659188,2.7629196068896
"2","N0212","YEARLY","meanBaggedEAT200",0.0561402693477804,0.0387650568567714,4.15809990887118
"3","N0213","YEARLY","meanBaggedEAT200",0.0358931461275151,0.0317382163162847,2.30125260170305
"4","N0214","YEARLY","meanBaggedEAT200",0.054921022397799,0.0420527831249961,5.03651348216961
"5","N0215","YEARLY","meanBaggedEAT200",0.109013856442356,0.101430245248203,19.0555947527841
