"","Series","Period","Method","RMSE","MAE","MAPE"
"1","N2146","MONTHLY","meanBaggedEAT200",0.180058754045046,0.151473664634036,14.6404788090536
"2","N2147","MONTHLY","meanBaggedEAT200",0.148605336067698,0.126329344360563,17.4868978478592
"3","N2148","MONTHLY","meanBaggedEAT200",0.112333906298806,0.0737866936867616,6.47370718955395
"4","N2149","MONTHLY","meanBaggedEAT200",0.0349152112287689,0.0281548472979772,2.68033805175674
"5","N2150","MONTHLY","meanBaggedEAT200",0.0418020212070335,0.0327705845086462,4.59033030373373
