"","Series","Period","Method","RMSE","MAE","MAPE"
"1","N2151","MONTHLY","meanBaggedEAT200",0.066168814470654,0.0583135986578451,8.08661597722458
"2","N2152","MONTHLY","meanBaggedEAT200",0.284954494307202,0.234376990607072,20.2928320472046
"3","N2153","MONTHLY","meanBaggedEAT200",0.0709700918209482,0.0461785445789108,4.18888809953334
"4","N2154","MONTHLY","meanBaggedEAT200",0.063010234679588,0.0510480097582876,4.70084116764012
"5","N2155","MONTHLY","meanBaggedEAT200",0.0629139389508756,0.0559439987455874,6.72343394041886
