"","Series","Period","Method","RMSE","MAE","MAPE"
"1","N2156","MONTHLY","meanBaggedEAT200",0.0748896898044922,0.0630511716502153,6.02496140393971
"2","N2157","MONTHLY","meanBaggedEAT200",0.0525894705248699,0.042912894670925,4.06004786909479
"3","N2158","MONTHLY","meanBaggedEAT200",0.105490853788506,0.0918300549382984,9.40750432197943
"4","N2159","MONTHLY","meanBaggedEAT200",0.114420437158652,0.10175084943322,10.3751282922854
"5","N2160","MONTHLY","meanBaggedEAT200",0.0682613485551827,0.055625778124109,4.87511351605393
