"","Series","Period","Method","RMSE","MAE","MAPE"
"1","N2161","MONTHLY","meanBaggedEAT200",0.0748345768566008,0.0613850214238499,6.31711535380732
"2","N2162","MONTHLY","meanBaggedEAT200",0.0685893609323408,0.0596799803054746,5.77354591614913
"3","N2163","MONTHLY","meanBaggedEAT200",0.0366368530991006,0.0289946014885854,2.67074688191904
"4","N2164","MONTHLY","meanBaggedEAT200",0.0518473275135541,0.0432343049748115,3.94185174928863
"5","N2165","MONTHLY","meanBaggedEAT200",0.100542718384122,0.0781584220474444,7.86411469039346
