"","Series","Period","Method","RMSE","MAE","MAPE"
"1","N2166","MONTHLY","meanBaggedEAT200",0.0359423624105112,0.0294732796821543,3.09241429828313
"2","N2167","MONTHLY","meanBaggedEAT200",0.08591387789213,0.0795416883473771,5.76838848768831
"3","N2168","MONTHLY","meanBaggedEAT200",0.106561086180813,0.0959415401541772,6.96787811244556
"4","N2169","MONTHLY","meanBaggedEAT200",0.105246409751513,0.094403847766694,7.99275853626743
"5","N2170","MONTHLY","meanBaggedEAT200",0.0634799869546975,0.0524924567351075,5.97376033542526
