"","Series","Period","Method","RMSE","MAE","MAPE"
"1","N2171","MONTHLY","meanBaggedEAT200",0.0683494028556034,0.0594782283888897,4.3177562449359
"2","N2172","MONTHLY","meanBaggedEAT200",0.0779227872792758,0.0669382901647483,6.17229683184561
"3","N2173","MONTHLY","meanBaggedEAT200",0.104595726494199,0.0949170652261454,10.071119324666
"4","N2174","MONTHLY","meanBaggedEAT200",0.161343074410587,0.118835465641969,19.4683070788722
"5","N2175","MONTHLY","meanBaggedEAT200",0.0944089127302277,0.0843200362355548,9.63859776032357
