"","Series","Period","Method","RMSE","MAE","MAPE"
"1","N2176","MONTHLY","meanBaggedEAT200",0.190507363789312,0.167728179243792,21.7318958667561
"2","N2177","MONTHLY","meanBaggedEAT200",0.0882475092966019,0.0624543215367046,11.6119988412767
"3","N2178","MONTHLY","meanBaggedEAT200",0.198291625183135,0.179704057025978,21.4669480946307
"4","N2179","MONTHLY","meanBaggedEAT200",0.131646582760916,0.0981128654901738,7.76424241185588
"5","N2180","MONTHLY","meanBaggedEAT200",0.128552960257946,0.108525194774978,9.14341545504276
