"","Series","Period","Method","RMSE","MAE","MAPE"
"1","N2181","MONTHLY","meanBaggedEAT200",0.0629350633825188,0.0448109149399273,4.08785833996794
"2","N2182","MONTHLY","meanBaggedEAT200",0.00523534373083749,0.00501376066766147,0.431581337491821
"3","N2183","MONTHLY","meanBaggedEAT200",0.119779606308356,0.0983158563821308,7.65964934460851
"4","N2184","MONTHLY","meanBaggedEAT200",0.157542622493755,0.130926402736987,9.43320018783668
"5","N2185","MONTHLY","meanBaggedEAT200",0.504313521598344,0.41070665316044,28.5758336249321
