"","Series","Period","Method","RMSE","MAE","MAPE"
"1","N0216","YEARLY","meanBaggedEAT200",0.313216914161331,0.289562544918277,13.0576466143298
"2","N0217","YEARLY","meanBaggedEAT200",0.291529162586077,0.261363828231007,20.5042720536592
"3","N0218","YEARLY","meanBaggedEAT200",0.292079332774569,0.2623423789883,20.1090963904101
"4","N0219","YEARLY","meanBaggedEAT200",0.151865147080163,0.142726724196569,11.7626833834057
"5","N0220","YEARLY","meanBaggedEAT200",1.1554341335019,0.990368223278812,52.0140372688733
