"","Series","Period","Method","RMSE","MAE","MAPE"
"1","N2211","MONTHLY","meanBaggedEAT200",0.0291195697483811,0.0181396127090623,1.34259337551352
"2","N2212","MONTHLY","meanBaggedEAT200",0.0323568926242232,0.019507635205546,1.6417685993639
"3","N2213","MONTHLY","meanBaggedEAT200",0.0388167814468992,0.0199757180398566,1.66142153391698
"4","N2214","MONTHLY","meanBaggedEAT200",0.0346603461969404,0.0267922262253091,1.71877348965427
"5","N2215","MONTHLY","meanBaggedEAT200",0.35913655096571,0.254122732229409,26.303457033718
