"","Series","Period","Method","RMSE","MAE","MAPE"
"1","N2216","MONTHLY","meanBaggedEAT200",0.0438864488101261,0.0385799588837424,2.94319174140903
"2","N2217","MONTHLY","meanBaggedEAT200",0.0474321285285316,0.0454870945448921,3.49121910328081
"3","N2218","MONTHLY","meanBaggedEAT200",0.0176584923308463,0.0162482160501093,1.47397423627735
"4","N2219","MONTHLY","meanBaggedEAT200",0.0276251745147389,0.0250086165606982,1.75287684975706
"5","N2220","MONTHLY","meanBaggedEAT200",0.0291204526846616,0.0232946943145022,1.77817748063265
