"","Series","Period","Method","RMSE","MAE","MAPE"
"1","N2221","MONTHLY","meanBaggedEAT200",0.0475637741229556,0.0390107033163897,2.88020263150326
"2","N2222","MONTHLY","meanBaggedEAT200",0.0810669585921901,0.0697846643674996,5.11732436124821
"3","N2223","MONTHLY","meanBaggedEAT200",0.0113216750840232,0.00975577224106941,0.761453331974008
"4","N2224","MONTHLY","meanBaggedEAT200",0.0520544482749265,0.0412929670796917,3.31281748323157
"5","N2225","MONTHLY","meanBaggedEAT200",0.298995608668837,0.203798213787161,17.9370096207083
