"","Series","Period","Method","RMSE","MAE","MAPE"
"1","N2241","MONTHLY","meanBaggedEAT200",0.213020123371463,0.1662624986909,13.0275213002871
"2","N2242","MONTHLY","meanBaggedEAT200",0.0457279149594912,0.0408168457107553,3.62546527164844
"3","N2243","MONTHLY","meanBaggedEAT200",0.00731127110360639,0.00646795157432911,0.595132465917133
"4","N2244","MONTHLY","meanBaggedEAT200",0.0266784001392989,0.023071144785554,2.16088691047058
"5","N2245","MONTHLY","meanBaggedEAT200",0.0273834627803395,0.025268134560408,2.09474895170041
