"","Series","Period","Method","RMSE","MAE","MAPE"
"1","N2251","MONTHLY","meanBaggedEAT200",0.436027155243304,0.372420748099564,16.166885411149
"2","N2252","MONTHLY","meanBaggedEAT200",0.0412944317779855,0.037698033503906,3.50035020591624
"3","N2253","MONTHLY","meanBaggedEAT200",0.0684034496337804,0.0464569714611273,3.82488319162497
"4","N2254","MONTHLY","meanBaggedEAT200",0.216399863947376,0.165448479515648,11.1280772211033
"5","N2255","MONTHLY","meanBaggedEAT200",0.0291456236559332,0.0262594364170094,3.24195750873967
