"","Series","Period","Method","RMSE","MAE","MAPE"
"1","N2261","MONTHLY","meanBaggedEAT200",0.0312839721766957,0.0256585877577645,2.27791837565875
"2","N2262","MONTHLY","meanBaggedEAT200",0.0566089137575519,0.0465183994747391,3.91106095954474
"3","N2263","MONTHLY","meanBaggedEAT200",0.0100742331397109,0.00807598609817025,0.711232357813521
"4","N2264","MONTHLY","meanBaggedEAT200",0.00708033814013108,0.0058899209787744,0.578709494649629
"5","N2265","MONTHLY","meanBaggedEAT200",0.0068103573535166,0.00553090160476782,0.585418532502199
