"","Series","Period","Method","RMSE","MAE","MAPE"
"1","N2266","MONTHLY","meanBaggedEAT200",0.0481797171894043,0.0358078459951255,2.55389299705868
"2","N2267","MONTHLY","meanBaggedEAT200",0.0591062453484521,0.0522195272228146,5.12384775885168
"3","N2268","MONTHLY","meanBaggedEAT200",0.00577284633528053,0.00466572531852758,0.516150331708336
"4","N2269","MONTHLY","meanBaggedEAT200",0.0208729136975398,0.018234214588849,2.19283707168155
"5","N2270","MONTHLY","meanBaggedEAT200",0.0337334746388962,0.0287676577013577,2.65701713591051
