"","Series","Period","Method","RMSE","MAE","MAPE"
"1","N2271","MONTHLY","meanBaggedEAT200",0.0266753578250501,0.0188288625013587,1.89193815773426
"2","N2272","MONTHLY","meanBaggedEAT200",0.0396558139644723,0.0339067286074063,2.97807179044505
"3","N2273","MONTHLY","meanBaggedEAT200",0.0420314087765324,0.0377281919081868,3.28827742438226
"4","N2274","MONTHLY","meanBaggedEAT200",0.0569983368016603,0.0450954024389894,4.11486948113614
"5","N2275","MONTHLY","meanBaggedEAT200",0.0346373303151205,0.0297804147197484,2.585649754103
