"","Series","Period","Method","RMSE","MAE","MAPE"
"1","N2276","MONTHLY","meanBaggedEAT200",0.0642749598568639,0.0550711340478692,4.64849065615942
"2","N2277","MONTHLY","meanBaggedEAT200",0.0492871624504119,0.0405795906144313,3.78118097309036
"3","N2278","MONTHLY","meanBaggedEAT200",0.0637405269480143,0.0591901095000216,5.37419906490623
"4","N2279","MONTHLY","meanBaggedEAT200",0.0365367214574737,0.0279243427215474,2.67629540871121
"5","N2280","MONTHLY","meanBaggedEAT200",0.0513766363340582,0.0424200623876603,3.96929347058952
