"","Series","Period","Method","RMSE","MAE","MAPE"
"1","N2281","MONTHLY","meanBaggedEAT200",0.0578914246930521,0.0498377631961472,4.62369420730085
"2","N2282","MONTHLY","meanBaggedEAT200",0.045120756185959,0.0356696041864459,3.47357583833451
"3","N2283","MONTHLY","meanBaggedEAT200",0.0413705642702075,0.0339456821442593,3.30574711157632
"4","N2284","MONTHLY","meanBaggedEAT200",0.101581030963447,0.089735982708645,7.03777068490922
"5","N2285","MONTHLY","meanBaggedEAT200",0.046643114659893,0.0372164625581714,3.38007500864669
