"","Series","Period","Method","RMSE","MAE","MAPE"
"1","N2296","MONTHLY","meanBaggedEAT200",0.0301210458573914,0.0259788336913449,2.41366922201476
"2","N2297","MONTHLY","meanBaggedEAT200",0.0163209217844171,0.0130489039537957,1.07523404963429
"3","N2298","MONTHLY","meanBaggedEAT200",0.0125035947986779,0.0109877719649775,1.3521412475415
"4","N2299","MONTHLY","meanBaggedEAT200",0.0375737659325757,0.0323943693561139,2.60958059716007
"5","N2300","MONTHLY","meanBaggedEAT200",0.0395897392156748,0.0354188167313117,2.88357140301198
