"","Series","Period","Method","RMSE","MAE","MAPE"
"1","N2306","MONTHLY","meanBaggedEAT200",0.0367328825465376,0.0333080199490172,2.7421727833693
"2","N2307","MONTHLY","meanBaggedEAT200",0.0596070680343761,0.0524680859714253,4.15846883714642
"3","N2308","MONTHLY","meanBaggedEAT200",0.0205846103779314,0.0167177040666897,1.41955299527009
"4","N2309","MONTHLY","meanBaggedEAT200",0.0402496386126449,0.0344176781481093,2.99763863310129
"5","N2310","MONTHLY","meanBaggedEAT200",0.04427708828473,0.0363202839788009,3.16527338648121
