"","Series","Period","Method","RMSE","MAE","MAPE"
"1","N2311","MONTHLY","meanBaggedEAT200",0.0538580564607834,0.047750000968201,4.10403642248027
"2","N2312","MONTHLY","meanBaggedEAT200",0.0379156773099081,0.0336484855323379,2.9518349773348
"3","N2313","MONTHLY","meanBaggedEAT200",0.0183462687076931,0.0164089381763458,1.40724995278884
"4","N2314","MONTHLY","meanBaggedEAT200",0.00959526114626025,0.00865399899151499,0.802774195955592
"5","N2315","MONTHLY","meanBaggedEAT200",0.00926006856862568,0.00731145762446967,0.706871047938894
