"","Series","Period","Method","RMSE","MAE","MAPE"
"1","N2316","MONTHLY","meanBaggedEAT200",0.0118359330423218,0.00982169287174776,0.848295166003978
"2","N2317","MONTHLY","meanBaggedEAT200",0.0314454708016387,0.0266541328003175,2.02674999412603
"3","N2318","MONTHLY","meanBaggedEAT200",0.0460440172829653,0.0370149792292818,2.80644331432556
"4","N2319","MONTHLY","meanBaggedEAT200",0.0176803069302784,0.0158040621327582,1.20498351866108
"5","N2320","MONTHLY","meanBaggedEAT200",0.00940100762474309,0.00836343398538486,0.673571755279683
