"","Series","Period","Method","RMSE","MAE","MAPE"
"1","N2321","MONTHLY","meanBaggedEAT200",0.015797078118444,0.0151449687758498,1.2715208023553
"2","N2322","MONTHLY","meanBaggedEAT200",0.0131381933914711,0.0114086432232563,0.865779855808074
"3","N2323","MONTHLY","meanBaggedEAT200",0.00952577187744583,0.0082213410028243,0.731442759936059
"4","N2324","MONTHLY","meanBaggedEAT200",0.00376923361658979,0.00326205231651621,0.307774712253745
"5","N2325","MONTHLY","meanBaggedEAT200",0.0237653846032867,0.0202065189784955,1.69520473912541
