"","Series","Period","Method","RMSE","MAE","MAPE"
"1","N2336","MONTHLY","meanBaggedEAT200",0.253005939432397,0.222823537467221,15.3271447669238
"2","N2337","MONTHLY","meanBaggedEAT200",0.0221598899135628,0.0182276819064283,1.51322026424673
"3","N2338","MONTHLY","meanBaggedEAT200",0.00967599054792211,0.00699656593356571,0.585989300394864
"4","N2339","MONTHLY","meanBaggedEAT200",0.0299935227486182,0.0239207339106905,1.93564150873767
"5","N2340","MONTHLY","meanBaggedEAT200",0.243666640770197,0.195172528325109,13.4574114014984
