"","Series","Period","Method","RMSE","MAE","MAPE"
"1","N2341","MONTHLY","meanBaggedEAT200",0.0337652075999139,0.0262985642172474,2.34516669273972
"2","N2342","MONTHLY","meanBaggedEAT200",0.0470689526974255,0.0402715571457372,3.53301261325494
"3","N2343","MONTHLY","meanBaggedEAT200",0.0272706057957754,0.0225573209307906,1.76730385702279
"4","N2344","MONTHLY","meanBaggedEAT200",0.11140251301753,0.0873981119767018,10.0514766592061
"5","N2345","MONTHLY","meanBaggedEAT200",0.039775310658256,0.0354150091340167,3.02126395355019
