"","Series","Period","Method","RMSE","MAE","MAPE"
"1","N0231","YEARLY","meanBaggedEAT200",0.41739661099066,0.374995447547047,43.791340592508
"2","N0232","YEARLY","meanBaggedEAT200",0.308676873330342,0.29079015316264,19.1608844946091
"3","N0233","YEARLY","meanBaggedEAT200",0.13213441141564,0.12059805798278,11.1733310209369
"4","N0234","YEARLY","meanBaggedEAT200",0.0861592920931014,0.0780253168330239,7.35102128950714
"5","N0235","YEARLY","meanBaggedEAT200",0.119852712133,0.0946632855878168,12.0037793752528
