"","Series","Period","Method","RMSE","MAE","MAPE"
"1","N2346","MONTHLY","meanBaggedEAT200",0.0467230175063371,0.0396408239353994,3.20917575724902
"2","N2347","MONTHLY","meanBaggedEAT200",0.0868791597151122,0.0731461149958631,5.7644552436183
"3","N2348","MONTHLY","meanBaggedEAT200",0.0591053199747008,0.0441288361118926,3.58561492937849
"4","N2349","MONTHLY","meanBaggedEAT200",0.0254192893917412,0.021646136822631,2.00486355914745
"5","N2350","MONTHLY","meanBaggedEAT200",0.087431820696722,0.0748703055722476,6.43972924881131
