"","Series","Period","Method","RMSE","MAE","MAPE"
"1","N2351","MONTHLY","meanBaggedEAT200",0.0582520571873783,0.0508756820988771,4.40257271926538
"2","N2352","MONTHLY","meanBaggedEAT200",0.125652037439292,0.106585846546892,8.26086581287325
"3","N2353","MONTHLY","meanBaggedEAT200",0.121363367709876,0.104028132467883,7.67915219078318
"4","N2354","MONTHLY","meanBaggedEAT200",0.119962880460295,0.106492878097401,8.07598141839133
"5","N2355","MONTHLY","meanBaggedEAT200",0.265385996932613,0.23093039702301,15.802326501074
