"","Series","Period","Method","RMSE","MAE","MAPE"
"1","N2361","MONTHLY","meanBaggedEAT200",0.0540065060641096,0.0482161011680876,4.21079920356576
"2","N2362","MONTHLY","meanBaggedEAT200",0.0184464861895491,0.0159745190665071,1.25221617583937
"3","N2363","MONTHLY","meanBaggedEAT200",0.0909224972263471,0.0721739129589225,8.02681292464255
"4","N2364","MONTHLY","meanBaggedEAT200",0.0298353500794003,0.0223818514465958,1.88128416391478
"5","N2365","MONTHLY","meanBaggedEAT200",0.0993519008415502,0.0916455617518285,7.02734239262149
