"","Series","Period","Method","RMSE","MAE","MAPE"
"1","N2366","MONTHLY","meanBaggedEAT200",0.014811239752283,0.0125370209912761,1.03196003682957
"2","N2367","MONTHLY","meanBaggedEAT200",0.109511893023126,0.0923933752862177,6.86690419787893
"3","N2368","MONTHLY","meanBaggedEAT200",0.248666485209844,0.216028206536408,14.8582049815283
"4","N2369","MONTHLY","meanBaggedEAT200",0.0707562233894156,0.0597794577816226,4.75647338638391
"5","N2370","MONTHLY","meanBaggedEAT200",0.0321149463936286,0.0249814554080787,2.07105758541242
