"","Series","Period","Method","RMSE","MAE","MAPE"
"1","N2376","MONTHLY","meanBaggedEAT200",0.00960449573753718,0.00802148797305156,0.775615310768614
"2","N2377","MONTHLY","meanBaggedEAT200",0.0134243215137712,0.01222293222057,1.05334713339056
"3","N2378","MONTHLY","meanBaggedEAT200",0.00898056372012938,0.00806886669638574,0.748512099840799
"4","N2379","MONTHLY","meanBaggedEAT200",0.00964229066134974,0.00770230137056019,0.744732824577246
"5","N2380","MONTHLY","meanBaggedEAT200",0.0390585379952452,0.032491922134624,3.12898096356528
