"","Series","Period","Method","RMSE","MAE","MAPE"
"1","N2391","MONTHLY","meanBaggedEAT200",0.0359313239378349,0.0322660693355641,2.99618214368771
"2","N2392","MONTHLY","meanBaggedEAT200",0.012160738615964,0.00987124576006298,0.852969407690884
"3","N2393","MONTHLY","meanBaggedEAT200",0.0149227775905222,0.0124534302224254,1.07210064752183
"4","N2394","MONTHLY","meanBaggedEAT200",0.0504623678355697,0.0273620000044164,2.62558787210868
"5","N2395","MONTHLY","meanBaggedEAT200",0.0240950242797408,0.0186074108016522,1.58847111017536
