"","Series","Period","Method","RMSE","MAE","MAPE"
"1","N0236","YEARLY","meanBaggedEAT200",0.0728196130782951,0.0587328869089071,3.97524680895529
"2","N0237","YEARLY","meanBaggedEAT200",0.0885697185911188,0.0777974189844832,9.38365914252078
"3","N0238","YEARLY","meanBaggedEAT200",0.0448130012659895,0.0432542014547977,6.20020422902003
"4","N0239","YEARLY","meanBaggedEAT200",0.082672292446816,0.0742413236248483,6.11379093816787
"5","N0240","YEARLY","meanBaggedEAT200",0.0678319160420264,0.0501653918434542,5.81896637482711
