"","Series","Period","Method","RMSE","MAE","MAPE"
"1","N2411","MONTHLY","meanBaggedEAT200",0.0595108938326265,0.0527757985049918,4.35767095543187
"2","N2412","MONTHLY","meanBaggedEAT200",0.105268272315292,0.0909294092816959,7.38466105121548
"3","N2413","MONTHLY","meanBaggedEAT200",0.00893716312983493,0.00697189987938504,0.580964048243532
"4","N2414","MONTHLY","meanBaggedEAT200",0.0605521377252721,0.051776423300294,4.25263558894788
"5","N2415","MONTHLY","meanBaggedEAT200",0.105546585485433,0.089923444855932,7.28287982966873
