"","Series","Period","Method","RMSE","MAE","MAPE"
"1","N2416","MONTHLY","meanBaggedEAT200",0.0588774106211999,0.0515594762096163,4.75828965018557
"2","N2417","MONTHLY","meanBaggedEAT200",0.139884129268042,0.118354050987843,9.81848520074689
"3","N2418","MONTHLY","meanBaggedEAT200",0.107853055970093,0.0973175430292894,10.0478815609226
"4","N2419","MONTHLY","meanBaggedEAT200",0.074401044216403,0.0703670244784854,6.18003454119015
"5","N2420","MONTHLY","meanBaggedEAT200",0.16478301956644,0.141259602365286,10.8162437025234
