"","Series","Period","Method","RMSE","MAE","MAPE"
"1","N2421","MONTHLY","meanBaggedEAT200",0.142165840995593,0.118769254273016,8.62945553009413
"2","N2422","MONTHLY","meanBaggedEAT200",0.145074857514075,0.115108341126815,9.49596113782243
"3","N2423","MONTHLY","meanBaggedEAT200",0.232138488560986,0.204829444701066,31.9877234712261
"4","N2424","MONTHLY","meanBaggedEAT200",0.0111871125175045,0.00886577090259433,0.741972483971
"5","N2425","MONTHLY","meanBaggedEAT200",0.0165009824987007,0.0143540813723156,1.2230486997426
