"","Series","Period","Method","RMSE","MAE","MAPE"
"1","N2431","MONTHLY","meanBaggedEAT200",0.0724137022383705,0.0624204578314376,4.99655644345885
"2","N2432","MONTHLY","meanBaggedEAT200",0.044827195514732,0.0346877218754694,2.88358740117402
"3","N2433","MONTHLY","meanBaggedEAT200",0.0790145113802612,0.072552431180456,5.78196696985245
"4","N2434","MONTHLY","meanBaggedEAT200",0.10355473916257,0.0854860968630285,7.65426799221364
"5","N2435","MONTHLY","meanBaggedEAT200",0.119299960767851,0.0952352684832033,7.75678651445726
