"","Series","Period","Method","RMSE","MAE","MAPE"
"1","N2441","MONTHLY","meanBaggedEAT200",0.0631422750190811,0.0526177364555726,5.0783895553519
"2","N2442","MONTHLY","meanBaggedEAT200",0.0573702411085597,0.0421812327821803,3.59867667911305
"3","N2443","MONTHLY","meanBaggedEAT200",0.0861413693675597,0.0799931839711486,6.30759247926187
"4","N2444","MONTHLY","meanBaggedEAT200",0.0696893652146939,0.0667523091208778,5.74928992907455
"5","N2445","MONTHLY","meanBaggedEAT200",0.0562802147282535,0.0451277194733141,5.1434906802648
