"","Series","Period","Method","RMSE","MAE","MAPE"
"1","N2456","MONTHLY","meanBaggedEAT200",0.343118082966677,0.298957359386986,26.1664399402656
"2","N2457","MONTHLY","meanBaggedEAT200",1.13704550479666,0.989015249123921,136.105080509197
"3","N2458","MONTHLY","meanBaggedEAT200",0.79609172335443,0.711576187904982,69.1682097824365
"4","N2459","MONTHLY","meanBaggedEAT200",0.379011198227167,0.269516541232486,9.46419235298669
"5","N2460","MONTHLY","meanBaggedEAT200",0.177843846423007,0.164011078255598,13.836606107497
