"","Series","Period","Method","RMSE","MAE","MAPE"
"1","N2461","MONTHLY","meanBaggedEAT200",0.495028929114846,0.455275494688866,17.1266744086075
"2","N2462","MONTHLY","meanBaggedEAT200",0.640119606198093,0.534223390326573,17.9465790848907
"3","N2463","MONTHLY","meanBaggedEAT200",0.0908093835601492,0.0733949636623331,4.81818807161306
"4","N2464","MONTHLY","meanBaggedEAT200",0.12848594495231,0.113245439502217,7.24878963424391
"5","N2465","MONTHLY","meanBaggedEAT200",0.112917771446885,0.0970395921274104,6.79783217679383
