"","Series","Period","Method","RMSE","MAE","MAPE"
"1","N2471","MONTHLY","meanBaggedEAT200",0.0570758733797665,0.0451027449116899,4.58846717657839
"2","N2472","MONTHLY","meanBaggedEAT200",0.177740941423116,0.152279113611516,11.3852932268482
"3","N2473","MONTHLY","meanBaggedEAT200",0.138052059339107,0.119622595984616,6.57682591042991
"4","N2474","MONTHLY","meanBaggedEAT200",0.0223512365684545,0.0196265349540057,1.69180125422876
"5","N2475","MONTHLY","meanBaggedEAT200",0.0566604129963708,0.0517474646395198,6.10200290376769
