"","Series","Period","Method","RMSE","MAE","MAPE"
"1","N2491","MONTHLY","meanBaggedEAT200",0.598376400948441,0.512208699303494,27.8102371516991
"2","N2492","MONTHLY","meanBaggedEAT200",0.187768560377834,0.165540691679468,25.5119494322206
"3","N2493","MONTHLY","meanBaggedEAT200",0.353896106496373,0.30511468338387,26.2009696533194
"4","N2494","MONTHLY","meanBaggedEAT200",0.152915307803625,0.126016720458844,7.83869268363439
"5","N2495","MONTHLY","meanBaggedEAT200",0.0757321051651711,0.0682809378360579,3.56899083747783
