"","Series","Period","Method","RMSE","MAE","MAPE"
"1","N0021","YEARLY","meanBaggedEAT200",0.104209776364483,0.0921648619002718,5.18139368837501
"2","N0022","YEARLY","meanBaggedEAT200",0.344715582475197,0.321286627304282,16.712379270574
"3","N0023","YEARLY","meanBaggedEAT200",0.309786201417335,0.261590458278856,22.2602944764507
"4","N0024","YEARLY","meanBaggedEAT200",0.178104544316276,0.15240406135714,6.46851285344221
"5","N0025","YEARLY","meanBaggedEAT200",0.234220971029256,0.221773838719515,10.5645457609049
