"","Series","Period","Method","RMSE","MAE","MAPE"
"1","N2496","MONTHLY","meanBaggedEAT200",0.126066324119657,0.104654208591304,5.56773101491354
"2","N2497","MONTHLY","meanBaggedEAT200",0.0654386085549499,0.0550771655377105,2.99395312602066
"3","N2498","MONTHLY","meanBaggedEAT200",0.0665403267743183,0.0572035316379409,5.08928037249124
"4","N2499","MONTHLY","meanBaggedEAT200",0.118376101927689,0.104764620329153,9.59444936909606
"5","N2500","MONTHLY","meanBaggedEAT200",0.0328093339350553,0.0277954172072348,2.11037828505895
