"","Series","Period","Method","RMSE","MAE","MAPE"
"1","N2501","MONTHLY","meanBaggedEAT200",0.134347522055301,0.0972160085651241,5.47148371226862
"2","N2502","MONTHLY","meanBaggedEAT200",0.108381300956026,0.0857407511964351,4.53319085872506
"3","N2503","MONTHLY","meanBaggedEAT200",0.0265591559788364,0.0210387044934943,1.65991000761674
"4","N2504","MONTHLY","meanBaggedEAT200",0.056046421236405,0.0503487598649091,4.03372707275195
"5","N2505","MONTHLY","meanBaggedEAT200",0.0742786487091818,0.0606181239160983,4.37283392898841
