"","Series","Period","Method","RMSE","MAE","MAPE"
"1","N2506","MONTHLY","meanBaggedEAT200",0.311822816918506,0.259385396311057,27.1010742348826
"2","N2507","MONTHLY","meanBaggedEAT200",0.0679279389812558,0.0529718552163493,4.35948389334563
"3","N2508","MONTHLY","meanBaggedEAT200",0.0646095893768948,0.0522087663263565,3.97344017563003
"4","N2509","MONTHLY","meanBaggedEAT200",0.0724453921563396,0.0490338673128513,4.41191923181597
"5","N2510","MONTHLY","meanBaggedEAT200",0.0818410662379631,0.074528355189168,7.06384503505501
