"","Series","Period","Method","RMSE","MAE","MAPE"
"1","N2511","MONTHLY","meanBaggedEAT200",0.0323782371807131,0.0262617351703762,2.29394156311979
"2","N2512","MONTHLY","meanBaggedEAT200",0.0397586356161403,0.0344328939257711,2.68302036267695
"3","N2513","MONTHLY","meanBaggedEAT200",0.0270053810338839,0.0200002808778416,1.36897860946995
"4","N2514","MONTHLY","meanBaggedEAT200",0.094037869770678,0.0874379856070814,6.86623339772341
"5","N2515","MONTHLY","meanBaggedEAT200",0.157603230932444,0.138921042763584,11.40980496518
