"","Series","Period","Method","RMSE","MAE","MAPE"
"1","N2516","MONTHLY","meanBaggedEAT200",0.221597888470604,0.193575237436891,20.9023595524491
"2","N2517","MONTHLY","meanBaggedEAT200",0.00903963819025524,0.0070548103239245,0.625089684004121
"3","N2518","MONTHLY","meanBaggedEAT200",0.403542110873175,0.329457543706528,19.5983895543277
"4","N2519","MONTHLY","meanBaggedEAT200",0.014577245240509,0.0108166599386296,0.999371420571536
"5","N2520","MONTHLY","meanBaggedEAT200",0.106226023705578,0.0963413545871962,6.49918467090112
