"","Series","Period","Method","RMSE","MAE","MAPE"
"1","N2526","MONTHLY","meanBaggedEAT200",0.0750684521634574,0.0673168230703998,5.74619014256351
"2","N2527","MONTHLY","meanBaggedEAT200",0.124548961215637,0.108338444577206,6.50752351911172
"3","N2528","MONTHLY","meanBaggedEAT200",0.0952968392446692,0.0830321638192431,5.61144032021108
"4","N2529","MONTHLY","meanBaggedEAT200",0.130081420591325,0.1173444505043,7.67337295720023
"5","N2530","MONTHLY","meanBaggedEAT200",0.129753926991639,0.116996820997915,7.42620171374438
