"","Series","Period","Method","RMSE","MAE","MAPE"
"1","N2531","MONTHLY","meanBaggedEAT200",0.0955251325614069,0.0832878937174156,5.62890633461249
"2","N2532","MONTHLY","meanBaggedEAT200",0.195954315319946,0.150209381598739,12.6022272631884
"3","N2533","MONTHLY","meanBaggedEAT200",0.154456431023519,0.134970228848494,12.5939670220411
"4","N2534","MONTHLY","meanBaggedEAT200",0.126301493852157,0.1125533165783,9.92950435958836
"5","N2535","MONTHLY","meanBaggedEAT200",0.136276266537557,0.121608917825143,10.7452271873251
