"","Series","Period","Method","RMSE","MAE","MAPE"
"1","N2536","MONTHLY","meanBaggedEAT200",0.120561294535083,0.103575490674852,8.33444007684242
"2","N2537","MONTHLY","meanBaggedEAT200",0.10720185046782,0.0967432560094216,7.35512546788648
"3","N2538","MONTHLY","meanBaggedEAT200",0.143494523312961,0.131199068347735,9.5245513213183
"4","N2539","MONTHLY","meanBaggedEAT200",0.0726760341034216,0.0504038238204558,3.36451713025856
"5","N2540","MONTHLY","meanBaggedEAT200",0.281341026641289,0.232084806715766,21.9575116694231
