"","Series","Period","Method","RMSE","MAE","MAPE"
"1","N0251","YEARLY","meanBaggedEAT200",0.0437448836703503,0.0407361811139639,2.86756643962481
"2","N0252","YEARLY","meanBaggedEAT200",0.0778892967395558,0.0712726740025461,5.33472525992131
"3","N0253","YEARLY","meanBaggedEAT200",0.0892277842549432,0.0730533896190314,5.44960998537487
"4","N0254","YEARLY","meanBaggedEAT200",0.0143248706544351,0.00907152310442301,0.72291789934414
"5","N0255","YEARLY","meanBaggedEAT200",0.0503209039881421,0.047874674543558,3.51469827973012
