"","Series","Period","Method","RMSE","MAE","MAPE"
"1","N2546","MONTHLY","meanBaggedEAT200",0.044533134465366,0.0403238503477129,4.08399845656059
"2","N2547","MONTHLY","meanBaggedEAT200",0.205076851110931,0.176830865628629,14.3843922845728
"3","N2548","MONTHLY","meanBaggedEAT200",0.0460750091006469,0.0396941658134656,4.64232937643727
"4","N2549","MONTHLY","meanBaggedEAT200",0.0975949172242813,0.0707650474793929,5.87010932682244
"5","N2550","MONTHLY","meanBaggedEAT200",0.118951889518812,0.0986031427832293,5.50308173252454
