"","Series","Period","Method","RMSE","MAE","MAPE"
"1","N2551","MONTHLY","meanBaggedEAT200",0.072175065395156,0.0630407418864135,2.90713500151791
"2","N2552","MONTHLY","meanBaggedEAT200",0.0381551800654713,0.0328352626678929,3.7221091232867
"3","N2553","MONTHLY","meanBaggedEAT200",0.015819968624466,0.0121066845333086,1.18203121403742
"4","N2554","MONTHLY","meanBaggedEAT200",0.0413821397967901,0.0312468309402985,2.3622770450006
"5","N2555","MONTHLY","meanBaggedEAT200",0.0522545478298544,0.0382948003743323,2.96141324402416
