"","Series","Period","Method","RMSE","MAE","MAPE"
"1","N2561","MONTHLY","meanBaggedEAT200",0.056320049630686,0.0434277548631339,3.76166791251016
"2","N2562","MONTHLY","meanBaggedEAT200",0.0336723750680222,0.0240469465061513,1.3592750890501
"3","N2563","MONTHLY","meanBaggedEAT200",0.0211518994666538,0.0165586721147555,1.39419192714974
"4","N2564","MONTHLY","meanBaggedEAT200",0.0443714764383795,0.0339976927344733,2.58312366719134
"5","N2565","MONTHLY","meanBaggedEAT200",0.0541257759226192,0.0416694892145872,3.61251252637739
