"","Series","Period","Method","RMSE","MAE","MAPE"
"1","N2566","MONTHLY","meanBaggedEAT200",0.0326092619915539,0.0236752225044966,1.35455201849849
"2","N2567","MONTHLY","meanBaggedEAT200",0.0160019224640061,0.0138214451089795,1.15976183484418
"3","N2568","MONTHLY","meanBaggedEAT200",0.13218469531778,0.105494435773942,7.24234478919901
"4","N2569","MONTHLY","meanBaggedEAT200",0.135787333265412,0.0953517663639137,7.69559384530016
"5","N2570","MONTHLY","meanBaggedEAT200",0.0293554774889192,0.0253307013575811,1.43637399728038
