"","Series","Period","Method","RMSE","MAE","MAPE"
"1","N2581","MONTHLY","meanBaggedEAT200",0.0736673622128793,0.0670859529468927,4.39002185896372
"2","N2582","MONTHLY","meanBaggedEAT200",0.00849142754460186,0.00740746820435593,0.601593109200758
"3","N2583","MONTHLY","meanBaggedEAT200",0.0795045684255265,0.0695304377396513,5.11443968660234
"4","N2584","MONTHLY","meanBaggedEAT200",0.0352396750509575,0.030129762236369,2.72932413681637
"5","N2585","MONTHLY","meanBaggedEAT200",0.0302600737135826,0.0252456880357217,1.82306123601546
