"","Series","Period","Method","RMSE","MAE","MAPE"
"1","N0256","YEARLY","meanBaggedEAT200",0.133726632831429,0.120338667454754,7.40404080225813
"2","N0257","YEARLY","meanBaggedEAT200",0.0568982063663764,0.0468985989982795,3.56993058242589
"3","N0258","YEARLY","meanBaggedEAT200",0.068510515870164,0.062116885741807,4.3837797801628
"4","N0259","YEARLY","meanBaggedEAT200",0.0324205413409997,0.029708917654559,2.39696881472697
"5","N0260","YEARLY","meanBaggedEAT200",0.0778195979315574,0.0719286205898517,5.79739660681824
