"","Series","Period","Method","RMSE","MAE","MAPE"
"1","N2601","MONTHLY","meanBaggedEAT200",1.17090001265338,1.01967361340818,94.3989365219796
"2","N2602","MONTHLY","meanBaggedEAT200",0.695647611982399,0.593103163059954,2896.94854897389
"3","N2603","MONTHLY","meanBaggedEAT200",1.16400068333425,0.94769576928694,29.9883235597573
"4","N2604","MONTHLY","meanBaggedEAT200",0.387972875054642,0.322557860603735,17.0168102491858
"5","N2605","MONTHLY","meanBaggedEAT200",1.379804472893,0.753535180440883,48.7493608803674
