"","Series","Period","Method","RMSE","MAE","MAPE"
"1","N2606","MONTHLY","meanBaggedEAT200",0.221086441081892,0.184820254000782,14.909078686447
"2","N2607","MONTHLY","meanBaggedEAT200",0.168015983499967,0.137010864744239,7.63755114802203
"3","N2608","MONTHLY","meanBaggedEAT200",0.127641002331756,0.107357866911482,6.99319359280183
"4","N2609","MONTHLY","meanBaggedEAT200",0.091790123030254,0.0764899973445979,5.71326716276834
"5","N2610","MONTHLY","meanBaggedEAT200",0.242570878520471,0.205762226496414,22.5192064485736
