"","Series","Period","Method","RMSE","MAE","MAPE"
"1","N2611","MONTHLY","meanBaggedEAT200",0.0968079458754734,0.0817224541713902,4.82874784160032
"2","N2612","MONTHLY","meanBaggedEAT200",0.0629543967916328,0.0520722805027232,3.06976635096061
"3","N2613","MONTHLY","meanBaggedEAT200",0.0941847382531279,0.0720389585518631,5.44123617729804
"4","N2614","MONTHLY","meanBaggedEAT200",0.275177083359161,0.242466487568644,13.1351110559996
"5","N2615","MONTHLY","meanBaggedEAT200",0.0563005625413053,0.0493628907115502,2.92804833920507
