"","Series","Period","Method","RMSE","MAE","MAPE"
"1","N2616","MONTHLY","meanBaggedEAT200",0.0435306958482444,0.034072394682881,2.01044638926926
"2","N2617","MONTHLY","meanBaggedEAT200",0.0659481609376461,0.044199042461045,3.19838665843025
"3","N2618","MONTHLY","meanBaggedEAT200",0.140650757083862,0.116613395148431,6.24786703916589
"4","N2619","MONTHLY","meanBaggedEAT200",0.149219760835697,0.128970066082236,8.1120313035226
"5","N2620","MONTHLY","meanBaggedEAT200",0.199557051397151,0.174509454534152,9.62641125694924
