"","Series","Period","Method","RMSE","MAE","MAPE"
"1","N2621","MONTHLY","meanBaggedEAT200",0.252391859802263,0.22197525155606,9.83488301555813
"2","N2622","MONTHLY","meanBaggedEAT200",0.290245892549287,0.26365978920793,15.2185668366993
"3","N2623","MONTHLY","meanBaggedEAT200",0.312946532550639,0.274284152974876,17.1435610466011
"4","N2624","MONTHLY","meanBaggedEAT200",0.191401903872871,0.175803620725946,10.9229702448329
"5","N2625","MONTHLY","meanBaggedEAT200",0.275355992108165,0.261006267079395,15.4135208043382
