"","Series","Period","Method","RMSE","MAE","MAPE"
"1","N2631","MONTHLY","meanBaggedEAT200",0.261715168945468,0.230699814366403,12.370280757976
"2","N2632","MONTHLY","meanBaggedEAT200",0.433350715645315,0.405791895989696,19.5589278621057
"3","N2633","MONTHLY","meanBaggedEAT200",0.434934373957991,0.384455147944269,20.7143499968154
"4","N2634","MONTHLY","meanBaggedEAT200",0.285876718469361,0.255899131662104,14.2507671091135
"5","N2635","MONTHLY","meanBaggedEAT200",0.244204065935373,0.215632457484195,11.943836857674
