"","Series","Period","Method","RMSE","MAE","MAPE"
"1","N2641","MONTHLY","meanBaggedEAT200",0.129087903210894,0.120588512100551,11.3079519231449
"2","N2642","MONTHLY","meanBaggedEAT200",0.113496970093877,0.0913513053522653,5.24820405363357
"3","N2643","MONTHLY","meanBaggedEAT200",0.0277583514621982,0.0244939194679436,2.12191392733472
"4","N2644","MONTHLY","meanBaggedEAT200",0.0646926697933805,0.0608644810025463,5.81521082528969
"5","N2645","MONTHLY","meanBaggedEAT200",0.0780041255935783,0.0591623987653264,4.6165351938068
