"","Series","Period","Method","RMSE","MAE","MAPE"
"1","N0261","YEARLY","meanBaggedEAT200",0.069561121789274,0.0630730942265469,4.85447147435088
"2","N0262","YEARLY","meanBaggedEAT200",0.0381706617654066,0.0335431290936483,2.51872622241542
"3","N0263","YEARLY","meanBaggedEAT200",0.0494525720944889,0.0432081325511353,3.01959378742709
"4","N0264","YEARLY","meanBaggedEAT200",0.0813993591448007,0.0734054527448963,5.37904614033898
"5","N0265","YEARLY","meanBaggedEAT200",0.0401088836001821,0.0378459738149608,2.63279378914145
