"","Series","Period","Method","RMSE","MAE","MAPE"
"1","N2656","MONTHLY","meanBaggedEAT200",0.0910049676045503,0.0673403655621292,3.95170610114589
"2","N2657","MONTHLY","meanBaggedEAT200",0.0962921328127761,0.0755688125563058,18.7248164678447
"3","N2658","MONTHLY","meanBaggedEAT200",0.505541671438282,0.486646672624689,71.9341614006495
"4","N2659","MONTHLY","meanBaggedEAT200",0.243377826040287,0.193513181469305,17.7201538330733
"5","N2660","MONTHLY","meanBaggedEAT200",0.0309134825594786,0.0297503698553695,2.68874173476778
