"","Series","Period","Method","RMSE","MAE","MAPE"
"1","N2666","MONTHLY","meanBaggedEAT200",0.115198063041169,0.074557315692413,3.41341920595886
"2","N2667","MONTHLY","meanBaggedEAT200",0.00669629019996182,0.00635043339705761,0.595321421123627
"3","N2668","MONTHLY","meanBaggedEAT200",0.0550202897011324,0.0518379992032769,5.88927342277409
"4","N2669","MONTHLY","meanBaggedEAT200",0.00656150503726736,0.00591968763143343,0.553293523339035
"5","N2670","MONTHLY","meanBaggedEAT200",0.0127841129836136,0.00917329809871815,0.853357822915919
