"","Series","Period","Method","RMSE","MAE","MAPE"
"1","N2671","MONTHLY","meanBaggedEAT200",0.174072551823153,0.162421994806089,15.2190883749404
"2","N2672","MONTHLY","meanBaggedEAT200",0.0426963464799336,0.0382003850970367,3.92879736129608
"3","N2673","MONTHLY","meanBaggedEAT200",0.181737407095804,0.170562088748567,15.8890698218766
"4","N2674","MONTHLY","meanBaggedEAT200",0.493750757286743,0.461603539454758,35.2457971066516
"5","N2675","MONTHLY","meanBaggedEAT200",0.00932781231024109,0.00763027422650755,0.811430232580207
