"","Series","Period","Method","RMSE","MAE","MAPE"
"1","N2681","MONTHLY","meanBaggedEAT200",0.00961304645976082,0.00743273082930081,0.795018144308684
"2","N2682","MONTHLY","meanBaggedEAT200",0.0105372603844958,0.00743717942760691,0.794786735141756
"3","N2683","MONTHLY","meanBaggedEAT200",0.0101164064309964,0.00828796864017016,0.908038255083893
"4","N2684","MONTHLY","meanBaggedEAT200",0.0189540268530676,0.0166749879805184,1.90471307671984
"5","N2685","MONTHLY","meanBaggedEAT200",0.0237765976268125,0.0206868489789749,2.34471990190305
