"","Series","Period","Method","RMSE","MAE","MAPE"
"1","N2686","MONTHLY","meanBaggedEAT200",0.0125860334424639,0.0108131464572524,1.25442022324756
"2","N2687","MONTHLY","meanBaggedEAT200",0.00587140699445178,0.00491713327336664,0.499867630996549
"3","N2688","MONTHLY","meanBaggedEAT200",0.00419253270416174,0.00358245297685622,0.354529498584095
"4","N2689","MONTHLY","meanBaggedEAT200",0.00914384863037841,0.00811639872891728,0.71913543562502
"5","N2690","MONTHLY","meanBaggedEAT200",0.00440955156536753,0.00361128712640358,0.343764851412401
