"","Series","Period","Method","RMSE","MAE","MAPE"
"1","N2691","MONTHLY","meanBaggedEAT200",0.0144802433998257,0.0132856902733671,1.27143041849621
"2","N2692","MONTHLY","meanBaggedEAT200",0.01479890079117,0.0129198334995801,1.1862096975777
"3","N2693","MONTHLY","meanBaggedEAT200",0.0100684570670118,0.00820837411349586,0.780201082713409
"4","N2694","MONTHLY","meanBaggedEAT200",0.016959746519393,0.0151429253978301,1.2242904664836
"5","N2695","MONTHLY","meanBaggedEAT200",0.00432944562613674,0.00375438287868036,0.342394414658368
