"","Series","Period","Method","RMSE","MAE","MAPE"
"1","N2696","MONTHLY","meanBaggedEAT200",0.0198075234036854,0.0175816706645363,1.77200598476586
"2","N2697","MONTHLY","meanBaggedEAT200",0.00352005482327276,0.00268485820930608,0.242011097875894
"3","N2698","MONTHLY","meanBaggedEAT200",0.00212186599115779,0.00184220719498949,0.16471613914425
"4","N2699","MONTHLY","meanBaggedEAT200",0.013408748792539,0.0117229850767724,1.08041338861834
"5","N2700","MONTHLY","meanBaggedEAT200",0.00532568447160566,0.00491229238642572,0.520990499920608
