"","Series","Period","Method","RMSE","MAE","MAPE"
"1","N2706","MONTHLY","meanBaggedEAT200",0.0119774982793359,0.00898260050716133,0.977610286902302
"2","N2707","MONTHLY","meanBaggedEAT200",0.0315739841489648,0.0271890950354357,2.83619826736352
"3","N2708","MONTHLY","meanBaggedEAT200",0.0137805928701947,0.0103204858034524,1.09991782153753
"4","N2709","MONTHLY","meanBaggedEAT200",0.0210592795199236,0.0176453582074913,1.89830273428347
"5","N2710","MONTHLY","meanBaggedEAT200",0.00947602443748387,0.00814865516183172,0.782622822733559
