"","Series","Period","Method","RMSE","MAE","MAPE"
"1","N2716","MONTHLY","meanBaggedEAT200",0.0169667133981748,0.015216738660105,1.2350799407558
"2","N2717","MONTHLY","meanBaggedEAT200",0.0395124262567241,0.035085263362835,3.64244637267774
"3","N2718","MONTHLY","meanBaggedEAT200",0.0133129934792398,0.0114110026105567,1.05745036452711
"4","N2719","MONTHLY","meanBaggedEAT200",0.0160484548658691,0.0137181873582244,1.277506037723
"5","N2720","MONTHLY","meanBaggedEAT200",0.0191963691829088,0.01642846870659,1.5160577737853
