"","Series","Period","Method","RMSE","MAE","MAPE"
"1","N2726","MONTHLY","meanBaggedEAT200",0.0203368390190542,0.0165624330066115,1.38081138429034
"2","N2727","MONTHLY","meanBaggedEAT200",0.0317299448543883,0.0271315513205394,2.26205116175241
"3","N2728","MONTHLY","meanBaggedEAT200",0.00680093297245187,0.00494897952419674,0.412034146532731
"4","N2729","MONTHLY","meanBaggedEAT200",0.0220894608864313,0.0196290622928894,1.70606396884199
"5","N2730","MONTHLY","meanBaggedEAT200",0.0114880234104054,0.00951520085364418,0.798425821918897
