"","Series","Period","Method","RMSE","MAE","MAPE"
"1","N2731","MONTHLY","meanBaggedEAT200",0.00751335928660586,0.00567589824754639,0.498380895906215
"2","N2732","MONTHLY","meanBaggedEAT200",0.0294997076845287,0.0233485736213433,1.82297141487317
"3","N2733","MONTHLY","meanBaggedEAT200",0.00747630871052077,0.00592279501298894,0.480460283505402
"4","N2734","MONTHLY","meanBaggedEAT200",0.0656735912827868,0.0513203225023486,6.33097735930883
"5","N2735","MONTHLY","meanBaggedEAT200",0.358753701347848,0.300291870614337,405.81984184007
