"","Series","Period","Method","RMSE","MAE","MAPE"
"1","N2736","MONTHLY","meanBaggedEAT200",0.217344600111015,0.202038440825585,21.4099828371882
"2","N2737","MONTHLY","meanBaggedEAT200",0.177375913129167,0.158616798125437,14.7936593325438
"3","N2738","MONTHLY","meanBaggedEAT200",0.228422442953007,0.201149488406596,15.5016901387529
"4","N2739","MONTHLY","meanBaggedEAT200",0.19218179972334,0.169362217790888,16.1529140500496
"5","N2740","MONTHLY","meanBaggedEAT200",0.0131220613669951,0.0112884108879752,0.904985843862088
