"","Series","Period","Method","RMSE","MAE","MAPE"
"1","N2741","MONTHLY","meanBaggedEAT200",0.100311962649985,0.0769265406114185,5.72858676492925
"2","N2742","MONTHLY","meanBaggedEAT200",0.130936954684405,0.10774378563015,8.2645416929663
"3","N2743","MONTHLY","meanBaggedEAT200",0.0751362667913546,0.0668450788063548,5.06974243966367
"4","N2744","MONTHLY","meanBaggedEAT200",1.90102198656781,1.65623065009804,74.9737498884826
"5","N2745","MONTHLY","meanBaggedEAT200",2.57968242099684,2.19781447887678,78.9024786215033
