"","Series","Period","Method","RMSE","MAE","MAPE"
"1","N0271","YEARLY","meanBaggedEAT200",0.0524110530518106,0.0439167247509474,3.36057864699578
"2","N0272","YEARLY","meanBaggedEAT200",0.161884386794827,0.14967764802595,11.7666411430945
"3","N0273","YEARLY","meanBaggedEAT200",0.0740142568366647,0.0727202291650093,6.0918529607033
"4","N0274","YEARLY","meanBaggedEAT200",0.0395096970843271,0.0376184727477888,3.11515998218482
"5","N0275","YEARLY","meanBaggedEAT200",0.124007315952116,0.118375945619748,8.37822700733571
