"","Series","Period","Method","RMSE","MAE","MAPE"
"1","N2751","MONTHLY","meanBaggedEAT200",0.1196266045111,0.0930851261617595,12.520479471418
"2","N2752","MONTHLY","meanBaggedEAT200",1.19479780516286,0.576050899050584,79.9864688699143
"3","N2753","MONTHLY","meanBaggedEAT200",0.00931365074073386,0.00707184006925971,0.634869287658289
"4","N2754","MONTHLY","meanBaggedEAT200",0.0223829712064084,0.01840545629841,1.99084197931576
"5","N2755","MONTHLY","meanBaggedEAT200",0.0102777681294103,0.00801439935689308,0.738965058850927
