"","Series","Period","Method","RMSE","MAE","MAPE"
"1","N2761","MONTHLY","meanBaggedEAT200",0.0901668438397093,0.0715534366387837,5.9913400785151
"2","N2762","MONTHLY","meanBaggedEAT200",0.0871487479860747,0.0711597817152154,5.74532695929798
"3","N2763","MONTHLY","meanBaggedEAT200",0.152262135551743,0.140904579671571,12.5312431072663
"4","N2764","MONTHLY","meanBaggedEAT200",0.101565637162998,0.078278003656928,6.63299894313554
"5","N2765","MONTHLY","meanBaggedEAT200",0.102240343071724,0.0864997100246161,7.35650504201281
