"","Series","Period","Method","RMSE","MAE","MAPE"
"1","N2766","MONTHLY","meanBaggedEAT200",0.224848749728331,0.184194164520917,19.0511653227407
"2","N2767","MONTHLY","meanBaggedEAT200",0.118462087174154,0.0914959112924081,8.22736098322458
"3","N2768","MONTHLY","meanBaggedEAT200",0.290245152838552,0.270130626044874,39.0915779142826
"4","N2769","MONTHLY","meanBaggedEAT200",0.324828141952945,0.299231358172843,20.653303213156
"5","N2770","MONTHLY","meanBaggedEAT200",0.0614297691334085,0.0486454115462927,3.8906581109295
