"","Series","Period","Method","RMSE","MAE","MAPE"
"1","N2781","MONTHLY","meanBaggedEAT200",0.351738807550975,0.267776564124925,25.0178173384442
"2","N2782","MONTHLY","meanBaggedEAT200",0.36869470452032,0.329917734109552,41.8845251221545
"3","N2783","MONTHLY","meanBaggedEAT200",0.295494973964974,0.235071974281787,41.5531517865764
"4","N2784","MONTHLY","meanBaggedEAT200",0.105974979989554,0.0870399458645174,13.158314416915
"5","N2785","MONTHLY","meanBaggedEAT200",0.139321604691798,0.115663609133295,16.4231519485223
