"","Series","Period","Method","RMSE","MAE","MAPE"
"1","N2786","MONTHLY","meanBaggedEAT200",0.157288368746949,0.119078305137434,23.7917886079639
"2","N2787","MONTHLY","meanBaggedEAT200",0.115177289589601,0.091722478347687,13.6639671244569
"3","N2788","MONTHLY","meanBaggedEAT200",0.127554519743028,0.10142004944674,11.6855654097965
"4","N2789","MONTHLY","meanBaggedEAT200",0.0864781055459707,0.0751761624279357,9.0865912739036
"5","N2790","MONTHLY","meanBaggedEAT200",0.158135808332633,0.134679746393092,13.0120530727215
