"","Series","Period","Method","RMSE","MAE","MAPE"
"1","N2791","MONTHLY","meanBaggedEAT200",0.113778190717243,0.100315721333322,11.9760330355685
"2","N2792","MONTHLY","meanBaggedEAT200",0.0809715336097822,0.0600722640553173,7.18862402604938
"3","N2793","MONTHLY","meanBaggedEAT200",0.0833814578558978,0.0683360493791795,7.24529708070787
"4","N2794","MONTHLY","meanBaggedEAT200",0.103776741434213,0.0863756972539637,10.6765734963412
"5","N2795","MONTHLY","meanBaggedEAT200",0.0923869652818956,0.0739007388997349,8.63142899882669
