"","Series","Period","Method","RMSE","MAE","MAPE"
"1","N2796","MONTHLY","meanBaggedEAT200",0.108727165014489,0.0822989359997252,8.70473533720849
"2","N2797","MONTHLY","meanBaggedEAT200",0.0778287288564624,0.0690413790352549,7.82364446897379
"3","N2798","MONTHLY","meanBaggedEAT200",0.0973676206636233,0.0727770233358224,6.79434588931534
"4","N2799","MONTHLY","meanBaggedEAT200",0.0997676599006758,0.074829857169835,7.35039841300601
"5","N2800","MONTHLY","meanBaggedEAT200",0.0755797360992488,0.0624279762032235,6.92361105405931
