"","Series","Period","Method","RMSE","MAE","MAPE"
"1","N2801","MONTHLY","meanBaggedEAT200",0.0586855756286562,0.0550586918706674,8.5571360187927
"2","N2802","MONTHLY","meanBaggedEAT200",0.0182866370182497,0.0155133000881083,2.09752957487143
"3","N2803","MONTHLY","meanBaggedEAT200",0.0797312026186323,0.0679796640983821,7.18912985385357
"4","N2804","MONTHLY","meanBaggedEAT200",0.0347074774744957,0.0300421182532758,5.55939666686414
"5","N2805","MONTHLY","meanBaggedEAT200",0.00989178031454142,0.00753743260061031,1.102875166719
