"","Series","Period","Method","RMSE","MAE","MAPE"
"1","N2821","MONTHLY","meanBaggedEAT200",0.0530960563109906,0.0454060055759903,6.66450248133348
"2","N2822","MONTHLY","meanBaggedEAT200",0.028305941835789,0.0245974412165238,4.64202876142384
"3","N2823","MONTHLY","meanBaggedEAT200",0.0648900068441878,0.0603747097964726,6.77632615381793
"4","N2824","MONTHLY","meanBaggedEAT200",0.00413155821127609,0.00327170538761551,0.35680152509195
"5","N2825","MONTHLY","meanBaggedEAT200",0.0108336126845507,0.00827618595961902,0.924864391227336
