"","Series","Period","Method","RMSE","MAE","MAPE"
"1","N2826","MONTHLY","meanBaggedEAT200",0.0447147739675344,0.0331064945977974,5.70153886869807
"2","N2827","MONTHLY","meanBaggedEAT200",0.0195304655584163,0.0165033087042917,2.29528150833267
"3","N2828","MONTHLY","meanBaggedEAT200",0.0275450613342101,0.0195441995107009,2.11831588973412
"4","N2829","MONTHLY","meanBaggedEAT200",0.0163305292777966,0.0135809639478286,2.17795823752563
"5","N2830","OTHER","meanBaggedEAT200",0.0804596194834028,0.0784144217566168,6.90831413517728
