"","Series","Period","Method","RMSE","MAE","MAPE"
"1","N2831","OTHER","meanBaggedEAT200",0.118988613886652,0.108062046101169,10.0528662347139
"2","N2832","OTHER","meanBaggedEAT200",0.818285099618643,0.757012303457922,117.800426344558
"3","N2833","OTHER","meanBaggedEAT200",0.391365420773011,0.346610069353219,37.4294028832718
"4","N2834","OTHER","meanBaggedEAT200",0.00692472440067889,0.00634033044022149,0.611700844574129
"5","N2835","OTHER","meanBaggedEAT200",0.0428819640527038,0.0367590907986203,4.02978880578053
