"","Series","Period","Method","RMSE","MAE","MAPE"
"1","N2836","OTHER","meanBaggedEAT200",0.0068075551622952,0.00585367047946028,0.571764786812935
"2","N2837","OTHER","meanBaggedEAT200",0.0307689540156293,0.0299911558445291,2.89364993118456
"3","N2838","OTHER","meanBaggedEAT200",0.0092946158650514,0.00839538568434868,0.824408708235054
"4","N2839","OTHER","meanBaggedEAT200",0.0189695216497748,0.0182595158532251,1.86409607421535
"5","N2840","OTHER","meanBaggedEAT200",0.0110768000896966,0.0100538044987473,0.979403102437507
