"","Series","Period","Method","RMSE","MAE","MAPE"
"1","N2851","OTHER","meanBaggedEAT200",0.0124186419902606,0.00943418671166306,1.0910392872673
"2","N2852","OTHER","meanBaggedEAT200",0.0526118628095355,0.0409809194236107,3.83046257830017
"3","N2853","OTHER","meanBaggedEAT200",0.0230155243327597,0.019457047201085,1.72519831242966
"4","N2854","OTHER","meanBaggedEAT200",0.0417553698290298,0.0352192695178293,3.81827860575681
"5","N2855","OTHER","meanBaggedEAT200",0.0514398427998551,0.0456189253226576,4.19724139828209
