"","Series","Period","Method","RMSE","MAE","MAPE"
"1","N2861","OTHER","meanBaggedEAT200",0.026576643173726,0.0221254783251095,2.11436110880263
"2","N2862","OTHER","meanBaggedEAT200",0.0201679732069807,0.0171917043414673,1.55814992021427
"3","N2863","OTHER","meanBaggedEAT200",0.221942222399324,0.215539115798336,21.6344101936437
"4","N2864","OTHER","meanBaggedEAT200",0.252572804456929,0.228958805581393,27.7400739746191
"5","N2865","OTHER","meanBaggedEAT200",0.10387940584493,0.0788337888444105,8.69976695549398
