"","Series","Period","Method","RMSE","MAE","MAPE"
"1","N2866","OTHER","meanBaggedEAT200",0.238802944014806,0.191684609263791,11.0179091681663
"2","N2867","OTHER","meanBaggedEAT200",0.343349887941332,0.323027314637798,60.5664498498598
"3","N2868","OTHER","meanBaggedEAT200",0.337870615556226,0.330438460736586,35.2075129077545
"4","N2869","OTHER","meanBaggedEAT200",0.11298075054709,0.106182921414552,10.8918913778017
"5","N2870","OTHER","meanBaggedEAT200",0.232650234436547,0.182021265137806,18.3858196168952
