"","Series","Period","Method","RMSE","MAE","MAPE"
"1","N2871","OTHER","meanBaggedEAT200",0.182132177812831,0.162504031374631,14.5974049637046
"2","N2872","OTHER","meanBaggedEAT200",0.275565427469319,0.23949791024655,23.2951744525027
"3","N2873","OTHER","meanBaggedEAT200",0.168496234299731,0.127027151654976,9.09450741203489
"4","N2874","OTHER","meanBaggedEAT200",0.163094117778624,0.15588813310392,17.8265486243063
"5","N2875","OTHER","meanBaggedEAT200",0.102805613182209,0.0851509109164634,13.3486013930532
