"","Series","Period","Method","RMSE","MAE","MAPE"
"1","N2881","OTHER","meanBaggedEAT200",0.021957932812697,0.020358447010925,1.97184707063195
"2","N2882","OTHER","meanBaggedEAT200",0.0234648922760198,0.0179621517774707,1.78086695681163
"3","N2883","OTHER","meanBaggedEAT200",0.0463830690505862,0.0354061731378001,3.32490133813183
"4","N2884","OTHER","meanBaggedEAT200",0.0120180735049544,0.0106999530869677,1.57079276464835
"5","N2885","OTHER","meanBaggedEAT200",0.00211028291448822,0.00177026869148134,0.212485537741228
