"","Series","Period","Method","RMSE","MAE","MAPE"
"1","N2886","OTHER","meanBaggedEAT200",0.012298188851415,0.00931157136585021,1.45890661658079
"2","N2887","OTHER","meanBaggedEAT200",0.0078454321043159,0.0069453046392052,0.960782813456207
"3","N2888","OTHER","meanBaggedEAT200",0.0228162494534951,0.0206171112607313,3.22018400250721
"4","N2889","OTHER","meanBaggedEAT200",0.0115555904057133,0.0085407480920111,1.20860181362369
"5","N2890","OTHER","meanBaggedEAT200",0.0129377385008763,0.0123301762012579,1.80351443430489
