"","Series","Period","Method","RMSE","MAE","MAPE"
"1","N2891","OTHER","meanBaggedEAT200",0.0162106665725954,0.0159444829696332,1.82583987853607
"2","N2892","OTHER","meanBaggedEAT200",0.00987200133936033,0.00871510766230697,1.17513963897307
"3","N2893","OTHER","meanBaggedEAT200",0.0144921692297394,0.0117356896698866,1.67965524480343
"4","N2894","OTHER","meanBaggedEAT200",0.019518489301824,0.0173501728461812,3.00187379481928
"5","N2895","OTHER","meanBaggedEAT200",0.00980394070083581,0.00839089620306829,1.11548617536219
