"","Series","Period","Method","RMSE","MAE","MAPE"
"1","N0286","YEARLY","meanBaggedEAT200",0.0181842369638805,0.0177651549657202,1.1983973343639
"2","N0287","YEARLY","meanBaggedEAT200",0.0155062267511813,0.0137572506112803,1.09828914020161
"3","N0288","YEARLY","meanBaggedEAT200",0.0980867601601534,0.0844101060392012,6.07986400205427
"4","N0289","YEARLY","meanBaggedEAT200",0.0270264109771731,0.0194698718573129,1.61779478269393
"5","N0290","YEARLY","meanBaggedEAT200",0.0614428795815533,0.0507928276122495,3.8520975573468
