"","Series","Period","Method","RMSE","MAE","MAPE"
"1","N2906","OTHER","meanBaggedEAT200",0.00786334582594764,0.0069311337510278,0.879465449737708
"2","N2907","OTHER","meanBaggedEAT200",0.0407652222168673,0.0392525119045379,5.37795139699913
"3","N2908","OTHER","meanBaggedEAT200",0.0233663426432274,0.0216018516219024,3.71858261114294
"4","N2909","OTHER","meanBaggedEAT200",0.00474282806854273,0.00360603843132433,0.527246027644461
"5","N2910","OTHER","meanBaggedEAT200",0.0117417338405011,0.0106383022387179,1.20077578827363
