"","Series","Period","Method","RMSE","MAE","MAPE"
"1","N2911","OTHER","meanBaggedEAT200",0.014468738631518,0.0107232383705642,1.63018216556015
"2","N2912","OTHER","meanBaggedEAT200",0.00693922310120253,0.00602885338249373,0.854243749943396
"3","N2913","OTHER","meanBaggedEAT200",0.0139086312962575,0.0109142314890143,1.64938107173966
"4","N2914","OTHER","meanBaggedEAT200",0.00669837056275923,0.00571144873596656,0.821742317742699
"5","N2915","OTHER","meanBaggedEAT200",0.0146347799534814,0.0124336685642607,1.81908160221356
