"","Series","Period","Method","RMSE","MAE","MAPE"
"1","N2916","OTHER","meanBaggedEAT200",0.0131981682682987,0.0120015603302725,2.11667190385424
"2","N2917","OTHER","meanBaggedEAT200",0.0287951607378614,0.0257509861436119,3.17286567057469
"3","N2918","OTHER","meanBaggedEAT200",0.00854489211379853,0.00719108636409576,0.9296901759682
"4","N2919","OTHER","meanBaggedEAT200",0.00819646273961254,0.00708907692007016,0.926676786926662
"5","N2920","OTHER","meanBaggedEAT200",0.0136063148283622,0.0110546209644556,1.36854060903435
