"","Series","Period","Method","RMSE","MAE","MAPE"
"1","N2921","OTHER","meanBaggedEAT200",0.00658306300703848,0.0052195290988149,0.673464442371636
"2","N2922","OTHER","meanBaggedEAT200",0.0116800286198559,0.0109103960881206,1.58281061040114
"3","N2923","OTHER","meanBaggedEAT200",0.053678117313285,0.0466245293278444,6.07393042854532
"4","N2924","OTHER","meanBaggedEAT200",0.00800727929067397,0.00704396176620274,0.888185010474376
"5","N2925","OTHER","meanBaggedEAT200",0.0139745217579139,0.0136959655534009,2.27602306282471
