"","Series","Period","Method","RMSE","MAE","MAPE"
"1","N2926","OTHER","meanBaggedEAT200",0.0227158535977691,0.0211730467117536,2.91136804166252
"2","N2927","OTHER","meanBaggedEAT200",0.0258495318734485,0.0253794357895291,3.78490139512799
"3","N2928","OTHER","meanBaggedEAT200",0.00833185809745616,0.00717517442621555,1.1169067081142
"4","N2929","OTHER","meanBaggedEAT200",0.0136605292072393,0.0125787307079147,1.43519642944282
"5","N2930","OTHER","meanBaggedEAT200",0.0318460869522174,0.0291983019031848,4.15423087619283
