"","Series","Period","Method","RMSE","MAE","MAPE"
"1","N2931","OTHER","meanBaggedEAT200",0.00664254407492923,0.00597286796127998,0.946381255346007
"2","N2932","OTHER","meanBaggedEAT200",0.00373547126983478,0.00314609115267637,0.421592990053463
"3","N2933","OTHER","meanBaggedEAT200",0.0186125290473199,0.0178576301778443,2.53110634333691
"4","N2934","OTHER","meanBaggedEAT200",0.0449315188786572,0.0418203234092606,5.89171075788559
"5","N2935","OTHER","meanBaggedEAT200",0.00918925081024008,0.00738182025646515,0.963893321874894
