"","Series","Period","Method","RMSE","MAE","MAPE"
"1","N2936","OTHER","meanBaggedEAT200",0.0288745002534613,0.0260438364482018,3.49899827739588
"2","N2937","OTHER","meanBaggedEAT200",0.0365544560035443,0.0335489721057977,4.36866553057906
"3","N2938","OTHER","meanBaggedEAT200",0.0394308192550758,0.0390936848163433,5.45100299901822
"4","N2939","OTHER","meanBaggedEAT200",0.0124932140926422,0.0107278459766792,1.33178299240107
"5","N2940","OTHER","meanBaggedEAT200",0.0143923376190364,0.0129022233452785,1.53338781168306
