"","Series","Period","Method","RMSE","MAE","MAPE"
"1","N2941","OTHER","meanBaggedEAT200",0.0154186078920566,0.014565582664879,1.95416614798246
"2","N2942","OTHER","meanBaggedEAT200",0.0264622366660533,0.0240353317787207,3.30988786349584
"3","N2943","OTHER","meanBaggedEAT200",0.0126949715142975,0.0115346955901275,1.75206360533762
"4","N2944","OTHER","meanBaggedEAT200",0.0380383677510883,0.0367078922067281,5.08050627715185
"5","N2945","OTHER","meanBaggedEAT200",0.00883141484111282,0.00782985569133284,1.09425087583818
