"","Series","Period","Method","RMSE","MAE","MAPE"
"1","N0291","YEARLY","meanBaggedEAT200",0.112098070038776,0.0959709193866045,7.37002839872598
"2","N0292","YEARLY","meanBaggedEAT200",0.211435305243183,0.185834161678078,13.8745458291084
"3","N0293","YEARLY","meanBaggedEAT200",0.182758169142178,0.16074370154077,9.60064401644978
"4","N0294","YEARLY","meanBaggedEAT200",0.232889881122115,0.21889959514136,16.9994730726693
"5","N0295","YEARLY","meanBaggedEAT200",0.239263519285726,0.203985105514629,15.4687018357531
