"","Series","Period","Method","RMSE","MAE","MAPE"
"1","N2946","OTHER","meanBaggedEAT200",0.00564810761482762,0.00513337000171965,0.685952917674958
"2","N2947","OTHER","meanBaggedEAT200",0.0290975371020293,0.0277913252053234,4.129172703064
"3","N2948","OTHER","meanBaggedEAT200",0.0233114726547199,0.0198458547462338,2.75728371932176
"4","N2949","OTHER","meanBaggedEAT200",0.0314064703243551,0.0311380322459982,4.76017739845249
"5","N2950","OTHER","meanBaggedEAT200",0.0208926685591987,0.0169305268891371,2.5808107228344
