"","Series","Period","Method","RMSE","MAE","MAPE"
"1","N2951","OTHER","meanBaggedEAT200",0.0324333167680025,0.0292692975316383,3.92469861804781
"2","N2952","OTHER","meanBaggedEAT200",0.0153132269556176,0.014346952060283,1.91628616763989
"3","N2953","OTHER","meanBaggedEAT200",0.0107472857499694,0.00861705197983579,1.15182397473873
"4","N2954","OTHER","meanBaggedEAT200",0.0565591287245258,0.0507203722344282,7.93154538955283
"5","N2955","OTHER","meanBaggedEAT200",0.0575757533939813,0.0523567434223001,10.4344135597349
