"","Series","Period","Method","RMSE","MAE","MAPE"
"1","N2956","OTHER","meanBaggedEAT200",0.0948527000211286,0.0932069883071166,14.0120239807724
"2","N2957","OTHER","meanBaggedEAT200",0.0188551950918144,0.0157175176864032,2.15870365394617
"3","N2958","OTHER","meanBaggedEAT200",0.0861223329653878,0.0760493186861751,8.73515173308088
"4","N2959","OTHER","meanBaggedEAT200",0.0337258163104422,0.029185317762364,5.07202141829465
"5","N2960","OTHER","meanBaggedEAT200",0.013215471440736,0.0125402782772031,2.0860118501985
