"","Series","Period","Method","RMSE","MAE","MAPE"
"1","N2961","OTHER","meanBaggedEAT200",0.0429889293341197,0.0377226004097896,3.87394537295229
"2","N2962","OTHER","meanBaggedEAT200",0.0454221756409996,0.0410238261259609,3.53697740795915
"3","N2963","OTHER","meanBaggedEAT200",0.0201609530997452,0.0168503039978684,2.2199311499455
"4","N2964","OTHER","meanBaggedEAT200",0.0112487375949854,0.00962498818556482,1.65957139911617
"5","N2965","OTHER","meanBaggedEAT200",0.00629689938448359,0.00447515509200399,0.654158827140705
