"","Series","Period","Method","RMSE","MAE","MAPE"
"1","N2966","OTHER","meanBaggedEAT200",0.0103466192539134,0.00813786788590784,1.1459537335332
"2","N2967","OTHER","meanBaggedEAT200",0.00918496356913563,0.00660306847535467,1.05338224520591
"3","N2968","OTHER","meanBaggedEAT200",0.041380274350464,0.0384952414289279,4.91596093468596
"4","N2969","OTHER","meanBaggedEAT200",0.0151214693528513,0.0143088758407963,2.06385333789435
"5","N2970","OTHER","meanBaggedEAT200",0.014708302619991,0.0132166935320875,2.04342444382492
