"","Series","Period","Method","RMSE","MAE","MAPE"
"1","N2981","OTHER","meanBaggedEAT200",0.0246859009604249,0.0203889781979593,2.86709788859296
"2","N2982","OTHER","meanBaggedEAT200",0.0234700038961147,0.0197425746150178,3.23248136230635
"3","N2983","OTHER","meanBaggedEAT200",0.0194593264807091,0.0192678762923515,2.63667567882183
"4","N2984","OTHER","meanBaggedEAT200",0.00473608946225854,0.00397411739382404,0.592631193771181
"5","N2985","OTHER","meanBaggedEAT200",0.0249863850291765,0.0201143747536818,3.98536237815319
