"","Series","Period","Method","RMSE","MAE","MAPE"
"1","N2986","OTHER","meanBaggedEAT200",0.0180906162667118,0.014227841574817,2.6769045553774
"2","N2987","OTHER","meanBaggedEAT200",0.0209337713804767,0.0176229047765557,2.58904397479756
"3","N2988","OTHER","meanBaggedEAT200",0.0328359476279581,0.0288286629947158,5.57841991880035
"4","N2989","OTHER","meanBaggedEAT200",0.0199730466323339,0.0176018968805491,3.64410117033278
"5","N2990","OTHER","meanBaggedEAT200",0.0255670823743552,0.0201881087768501,1.93440425026185
