"","Series","Period","Method","RMSE","MAE","MAPE"
"1","N2991","OTHER","meanBaggedEAT200",0.0566511187229334,0.0453610732767108,18.9641626739787
"2","N2992","OTHER","meanBaggedEAT200",0.00362215289163258,0.00320069491963443,0.394840598215518
"3","N2993","OTHER","meanBaggedEAT200",0.0132034002541662,0.0118799709697676,1.3353427412098
"4","N2994","OTHER","meanBaggedEAT200",0.099721049072789,0.0867497313475114,12.545393997284
"5","N2995","OTHER","meanBaggedEAT200",0.0109294592711192,0.00682658557457588,0.819975823593639
