"","Series","Period","Method","RMSE","MAE","MAPE"
"1","N0026","YEARLY","meanBaggedEAT200",0.334608947225996,0.280015783537188,17.8313527872995
"2","N0027","YEARLY","meanBaggedEAT200",2.26463260313271,1.97644772788476,39.9162161253783
"3","N0028","YEARLY","meanBaggedEAT200",1.19908278053063,0.843568085994662,49.3814097099477
"4","N0029","YEARLY","meanBaggedEAT200",0.119626661824286,0.113612082432366,8.63135933050988
"5","N0030","YEARLY","meanBaggedEAT200",0.39015065768585,0.369908592263077,18.9109799225836
