"","Series","Period","Method","RMSE","MAE","MAPE"
"1","N0296","YEARLY","meanBaggedEAT200",0.0852175778745037,0.0800429208301458,8.27562701647311
"2","N0297","YEARLY","meanBaggedEAT200",0.182927263497523,0.172438309842952,13.46851885917
"3","N0298","YEARLY","meanBaggedEAT200",0.401978255174606,0.373361192449891,21.3475244878292
"4","N0299","YEARLY","meanBaggedEAT200",0.180736656350512,0.16724096626531,13.2070980940548
"5","N0300","YEARLY","meanBaggedEAT200",0.229578282445476,0.180369047529553,19.2710453220081
