"","Series","Period","Method","RMSE","MAE","MAPE"
"1","N2996","OTHER","meanBaggedEAT200",0.0131472815996417,0.0125437872746677,1.45340506368108
"2","N2997","OTHER","meanBaggedEAT200",0.0200257694747116,0.019497798581858,2.33316496824309
"3","N2998","OTHER","meanBaggedEAT200",0.0373603164602848,0.0351851259728213,4.76882493811626
"4","N2999","OTHER","meanBaggedEAT200",0.00736597003896449,0.00645239569442004,0.983218788789734
"5","N3000","OTHER","meanBaggedEAT200",0.0104705484787103,0.00978078619401219,2.11096233562998
