"","Series","Period","Method","RMSE","MAE","MAPE"
"1","N0301","YEARLY","meanBaggedEAT200",0.218961984082315,0.193073951433809,14.4027288006711
"2","N0302","YEARLY","meanBaggedEAT200",0.212439692077395,0.201113185012557,13.6653959286922
"3","N0303","YEARLY","meanBaggedEAT200",0.257679688973115,0.238562457032612,16.7852370105296
"4","N0304","YEARLY","meanBaggedEAT200",0.115652205393405,0.0897917251026278,7.3578542914067
"5","N0305","YEARLY","meanBaggedEAT200",0.335230937999412,0.293437639392332,15.1361948153016
