"","Series","Period","Method","RMSE","MAE","MAPE"
"1","N0306","YEARLY","meanBaggedEAT200",0.225039862491291,0.189381926197813,10.0460863492032
"2","N0307","YEARLY","meanBaggedEAT200",0.055011624504579,0.0456570244831492,2.51283389140792
"3","N0308","YEARLY","meanBaggedEAT200",0.201871009120996,0.171316870264035,10.0669166595037
"4","N0309","YEARLY","meanBaggedEAT200",0.304833272179764,0.236016569853103,12.008179580525
"5","N0310","YEARLY","meanBaggedEAT200",0.437916164731356,0.405106386383574,18.789938232908
