"","Series","Period","Method","RMSE","MAE","MAPE"
"1","N0311","YEARLY","meanBaggedEAT200",0.155471419796291,0.132308965121746,7.81101991136216
"2","N0312","YEARLY","meanBaggedEAT200",0.331398107136593,0.282185812012285,12.2642315885873
"3","N0313","YEARLY","meanBaggedEAT200",0.214787771609209,0.188841544214375,11.5618470250533
"4","N0314","YEARLY","meanBaggedEAT200",0.215904262080035,0.172259332078589,9.31615182465741
"5","N0315","YEARLY","meanBaggedEAT200",0.0348990995235824,0.0316998975557752,2.12614991507162
