"","Series","Period","Method","RMSE","MAE","MAPE"
"1","N0316","YEARLY","meanBaggedEAT200",0.0571796579210385,0.0519809637860538,3.50780558117453
"2","N0317","YEARLY","meanBaggedEAT200",0.0440202838612135,0.0403859327581034,2.75771033055364
"3","N0318","YEARLY","meanBaggedEAT200",0.523324838999311,0.475451274451832,24.3469091145031
"4","N0319","YEARLY","meanBaggedEAT200",0.278375386377747,0.248031360046109,13.9631959567866
"5","N0320","YEARLY","meanBaggedEAT200",0.260150761885203,0.217957525638331,11.5902821163887
