"","Series","Period","Method","RMSE","MAE","MAPE"
"1","N0321","YEARLY","meanBaggedEAT200",0.280433183000028,0.263937979353177,12.8607740462705
"2","N0322","YEARLY","meanBaggedEAT200",0.334583546960329,0.265249842058975,14.326828959371
"3","N0323","YEARLY","meanBaggedEAT200",0.559192458031769,0.47127031569132,21.6900228307969
"4","N0324","YEARLY","meanBaggedEAT200",0.301190407594513,0.277103301351964,15.9643770172821
"5","N0325","YEARLY","meanBaggedEAT200",0.662293395108927,0.597707405562074,29.8458685285701
