"","Series","Period","Method","RMSE","MAE","MAPE"
"1","N0326","YEARLY","meanBaggedEAT200",0.24681745383667,0.225034663981771,14.5654404289265
"2","N0327","YEARLY","meanBaggedEAT200",0.159463353327977,0.157944015401015,12.5509362865533
"3","N0328","YEARLY","meanBaggedEAT200",0.164370855910631,0.156602454205263,10.8693184076319
"4","N0329","YEARLY","meanBaggedEAT200",0.120549112576452,0.108490014627441,6.75887943146136
"5","N0330","YEARLY","meanBaggedEAT200",0.260860440725279,0.248218136508512,14.4596308456901
