"","Series","Period","Method","RMSE","MAE","MAPE"
"1","N0331","YEARLY","meanBaggedEAT200",0.039674481063855,0.0295958415484471,1.57166617163421
"2","N0332","YEARLY","meanBaggedEAT200",4.80687864262747,4.67971576002278,72.5729907943145
"3","N0333","YEARLY","meanBaggedEAT200",2.8705173539733,2.78512249166868,42.2960223826026
"4","N0334","YEARLY","meanBaggedEAT200",4.99375293326968,4.85962792744721,73.7247343338126
"5","N0335","YEARLY","meanBaggedEAT200",2.97507511140877,2.87191954605209,42.1087783838759
