"","Series","Period","Method","RMSE","MAE","MAPE"
"1","N0336","YEARLY","meanBaggedEAT200",1.20340715751711,0.95413519455811,16.528076099693
"2","N0337","YEARLY","meanBaggedEAT200",0.796359563864245,0.589822550641325,9.49786809043016
"3","N0338","YEARLY","meanBaggedEAT200",1.23588273465974,1.22379408032637,498.445527384393
"4","N0339","YEARLY","meanBaggedEAT200",0.310833235018878,0.253874928915574,14.7140901104654
"5","N0340","YEARLY","meanBaggedEAT200",0.301445470886082,0.265241723825048,23.0317303769626
