"","Series","Period","Method","RMSE","MAE","MAPE"
"1","N0341","YEARLY","meanBaggedEAT200",0.386446220625017,0.306652471584737,41.3229384212624
"2","N0342","YEARLY","meanBaggedEAT200",0.871102883107321,0.793798292187236,44.0016036637676
"3","N0343","YEARLY","meanBaggedEAT200",0.0971667068423579,0.0829559951742414,8.56563563880285
"4","N0344","YEARLY","meanBaggedEAT200",0.102921526350057,0.0896482940505447,9.19408544543655
"5","N0345","YEARLY","meanBaggedEAT200",0.255015079578247,0.227613991581661,40.5351926069269
