"","Series","Period","Method","RMSE","MAE","MAPE"
"1","N0346","YEARLY","meanBaggedEAT200",0.453562359221712,0.385390668458114,46.1644274371516
"2","N0347","YEARLY","meanBaggedEAT200",0.238591783403592,0.172538898572055,5.40698986555002
"3","N0348","YEARLY","meanBaggedEAT200",0.201482448127146,0.144212141452714,4.4307868877261
"4","N0349","YEARLY","meanBaggedEAT200",0.438456886485245,0.364446413266721,10.4462121172764
"5","N0350","YEARLY","meanBaggedEAT200",1.04523878777132,0.945928524745963,35.4343633649954
