"","Series","Period","Method","RMSE","MAE","MAPE"
"1","N0351","YEARLY","meanBaggedEAT200",0.783598620185245,0.692952744897817,18.1806273052866
"2","N0352","YEARLY","meanBaggedEAT200",0.776125132794008,0.60257081076405,72.5851430851996
"3","N0353","YEARLY","meanBaggedEAT200",0.791873885318556,0.646144498830846,39.0364850242583
"4","N0354","YEARLY","meanBaggedEAT200",0.455838086624977,0.420670257563921,40.116126361498
"5","N0355","YEARLY","meanBaggedEAT200",0.645362704821487,0.546278778151217,232.649799010212
