"","Series","Period","Method","RMSE","MAE","MAPE"
"1","N0356","YEARLY","meanBaggedEAT200",0.575724578248549,0.510824517547788,30.4880001553381
"2","N0357","YEARLY","meanBaggedEAT200",0.917784843170383,0.818015856557258,28.9673267767628
"3","N0358","YEARLY","meanBaggedEAT200",1.22660938317275,0.962724681952279,328.125110622407
"4","N0359","YEARLY","meanBaggedEAT200",0.752255959689319,0.694309464110269,47.9990539424435
"5","N0360","YEARLY","meanBaggedEAT200",3.05723147713106,2.63733278763787,57.9189315761342
