"","Series","Period","Method","RMSE","MAE","MAPE"
"1","N0361","YEARLY","meanBaggedEAT200",1.28785795669628,0.88522753085494,48.7714509156451
"2","N0362","YEARLY","meanBaggedEAT200",0.104332936431763,0.0920520102839089,7.24010109213932
"3","N0363","YEARLY","meanBaggedEAT200",0.108698627570713,0.0978947829718435,7.49089796477272
"4","N0364","YEARLY","meanBaggedEAT200",0.103029077826659,0.0917217381453762,7.00100596445565
"5","N0365","YEARLY","meanBaggedEAT200",0.128106096837585,0.0954009839251875,8.06254672199226
