"","Series","Period","Method","RMSE","MAE","MAPE"
"1","N0371","YEARLY","meanBaggedEAT200",0.0815486974314162,0.0679252324781839,9.19355770284157
"2","N0372","YEARLY","meanBaggedEAT200",0.0850355084883672,0.0626189395781926,6.38121928517948
"3","N0373","YEARLY","meanBaggedEAT200",0.478319450405202,0.42905282197981,31.4642179220106
"4","N0374","YEARLY","meanBaggedEAT200",0.320137709910704,0.307965309251279,24.9692713735248
"5","N0375","YEARLY","meanBaggedEAT200",0.200132844636375,0.175252259962838,20.1270268394437
