"","Series","Period","Method","RMSE","MAE","MAPE"
"1","N0381","YEARLY","meanBaggedEAT200",0.0519334739234327,0.0466034349607188,4.45492740646879
"2","N0382","YEARLY","meanBaggedEAT200",0.0637046833159886,0.0581081041560847,6.14101492375009
"3","N0383","YEARLY","meanBaggedEAT200",0.0576695918199611,0.0489050563216889,5.99794479754726
"4","N0384","YEARLY","meanBaggedEAT200",0.258733881129039,0.24342170316822,22.0037847139106
"5","N0385","YEARLY","meanBaggedEAT200",0.20626716469716,0.190705367282132,12.8505610716495
