"","Series","Period","Method","RMSE","MAE","MAPE"
"1","N0386","YEARLY","meanBaggedEAT200",0.106656562850956,0.088507395547456,6.92883994392451
"2","N0387","YEARLY","meanBaggedEAT200",0.0497465783442252,0.0384442232279486,4.68515540803403
"3","N0388","YEARLY","meanBaggedEAT200",0.0704669026513509,0.0614458940627852,5.87404473988277
"4","N0389","YEARLY","meanBaggedEAT200",0.0799722570657016,0.0676701588710381,4.31676158225678
"5","N0390","YEARLY","meanBaggedEAT200",0.00216229234481779,0.00180143711170098,0.1298676361321
