"","Series","Period","Method","RMSE","MAE","MAPE"
"1","N0391","YEARLY","meanBaggedEAT200",0.0024648753380068,0.00211172012904058,0.151549258011202
"2","N0392","YEARLY","meanBaggedEAT200",0.0269747049699592,0.0252123158068131,1.62117100512798
"3","N0393","YEARLY","meanBaggedEAT200",0.149073458954758,0.132332154648636,12.7456979030415
"4","N0394","YEARLY","meanBaggedEAT200",0.209377472356341,0.200393429190332,16.6325478718188
"5","N0395","YEARLY","meanBaggedEAT200",0.15395897883775,0.127422852506915,13.878933080555
