"","Series","Period","Method","RMSE","MAE","MAPE"
"1","N0396","YEARLY","meanBaggedEAT200",0.131123191541806,0.127111565523193,11.4370330067641
"2","N0397","YEARLY","meanBaggedEAT200",0.144954882093482,0.138383371760727,14.0654831585463
"3","N0398","YEARLY","meanBaggedEAT200",0.0977602381121894,0.0895770350926476,10.5944982954768
"4","N0399","YEARLY","meanBaggedEAT200",0.143531699993895,0.125522897438564,14.954540882203
"5","N0400","YEARLY","meanBaggedEAT200",0.103423869678006,0.0860126851622257,8.89904689596229
