"","Series","Period","Method","RMSE","MAE","MAPE"
"1","N0401","YEARLY","meanBaggedEAT200",0.148575137607655,0.13774271024731,13.682001833501
"2","N0402","YEARLY","meanBaggedEAT200",0.228590679812356,0.204460682632616,17.8053878588816
"3","N0403","YEARLY","meanBaggedEAT200",0.22989176185127,0.188139426393371,20.9275437030829
"4","N0404","YEARLY","meanBaggedEAT200",0.120067690314275,0.102057369314129,8.7605583222809
"5","N0405","YEARLY","meanBaggedEAT200",0.0306852430417549,0.0240486515406903,1.51161077376938
