"","Series","Period","Method","RMSE","MAE","MAPE"
"1","N0406","YEARLY","meanBaggedEAT200",0.0312803397843087,0.02667106968295,1.67643567349143
"2","N0407","YEARLY","meanBaggedEAT200",0.0286806480633732,0.0232498923030397,1.46014661771424
"3","N0408","YEARLY","meanBaggedEAT200",0.0321855772206445,0.0271564295569154,1.70758849284999
"4","N0409","YEARLY","meanBaggedEAT200",0.03725978980445,0.0356246162331436,1.91542670424283
"5","N0410","YEARLY","meanBaggedEAT200",0.0821353020296585,0.0769189198984134,9.09371784919517
