"","Series","Period","Method","RMSE","MAE","MAPE"
"1","N0416","YEARLY","meanBaggedEAT200",0.078741144518229,0.0596663083218187,4.46347721098358
"2","N0417","YEARLY","meanBaggedEAT200",0.0234985766323825,0.018659029702791,1.22948301366927
"3","N0418","YEARLY","meanBaggedEAT200",0.195259346707976,0.172783724077584,9.9469933407309
"4","N0419","YEARLY","meanBaggedEAT200",0.146438882234845,0.107981139905285,7.83856110759643
"5","N0420","YEARLY","meanBaggedEAT200",0.0409320336843864,0.0347643021413382,3.37244082646355
