"","Series","Period","Method","RMSE","MAE","MAPE"
"1","N0421","YEARLY","meanBaggedEAT200",0.0673186418301674,0.0640170470969717,5.17296838441432
"2","N0422","YEARLY","meanBaggedEAT200",0.112856627179778,0.0937476241974097,11.717747126786
"3","N0423","YEARLY","meanBaggedEAT200",0.524427498253165,0.399743440109,24.5426221862342
"4","N0424","YEARLY","meanBaggedEAT200",0.259137326615141,0.207000540225907,20.8164347091406
"5","N0425","YEARLY","meanBaggedEAT200",0.21154513026455,0.15932845220663,18.2185886806193
