"","Series","Period","Method","RMSE","MAE","MAPE"
"1","N0426","YEARLY","meanBaggedEAT200",0.0144571606728887,0.0106807896984813,0.978594237670223
"2","N0427","YEARLY","meanBaggedEAT200",0.0104920134456274,0.00890150496805899,0.833788723162386
"3","N0428","YEARLY","meanBaggedEAT200",0.0995342237793882,0.0846018615006475,6.02966045025007
"4","N0429","YEARLY","meanBaggedEAT200",0.0232342700323705,0.0197052308877535,4.01353844875486
"5","N0430","YEARLY","meanBaggedEAT200",0.0186758777717458,0.0180748786518418,2.14712085780276
