"","Series","Period","Method","RMSE","MAE","MAPE"
"1","N0431","YEARLY","meanBaggedEAT200",0.15814179818537,0.112131166297505,11.6118972236637
"2","N0432","YEARLY","meanBaggedEAT200",0.107113171674417,0.104365215883963,8.65672073655826
"3","N0433","YEARLY","meanBaggedEAT200",0.0627307721570044,0.050573013134242,4.33365576702496
"4","N0434","YEARLY","meanBaggedEAT200",0.0289248500335391,0.0273851202034004,1.7688180965306
"5","N0435","YEARLY","meanBaggedEAT200",0.100227520219771,0.0872830406067533,7.39066008918743
