"","Series","Period","Method","RMSE","MAE","MAPE"
"1","N0436","YEARLY","meanBaggedEAT200",0.0530122016295784,0.0447107444021898,4.34335444809468
"2","N0437","YEARLY","meanBaggedEAT200",0.0577311160147373,0.0537706741799374,3.58814720212784
"3","N0438","YEARLY","meanBaggedEAT200",0.00754378136953753,0.00609387468326666,0.525346909275271
"4","N0439","YEARLY","meanBaggedEAT200",0.00427469851185975,0.00362308247720282,0.337469040060235
"5","N0440","YEARLY","meanBaggedEAT200",0.039625531565865,0.0354807157422587,2.90421493521006
