"","Series","Period","Method","RMSE","MAE","MAPE"
"1","N0441","YEARLY","meanBaggedEAT200",0.0544958723544335,0.0490065403090019,3.82293104960712
"2","N0442","YEARLY","meanBaggedEAT200",0.0668412001209533,0.055047564774918,5.16111734167351
"3","N0443","YEARLY","meanBaggedEAT200",0.057024926458397,0.0449070060745592,4.2033993716473
"4","N0444","YEARLY","meanBaggedEAT200",0.0516081311734324,0.0462903651688027,4.13193636889099
"5","N0445","YEARLY","meanBaggedEAT200",0.0846806866240962,0.0756778911996502,8.14733465783373
