"","Series","Period","Method","RMSE","MAE","MAPE"
"1","N0041","YEARLY","meanBaggedEAT200",0.533925389259189,0.480375372638936,24.0325560598413
"2","N0042","YEARLY","meanBaggedEAT200",0.27134873633818,0.245638287625074,9.61182452262237
"3","N0043","YEARLY","meanBaggedEAT200",0.536236544978734,0.402916776395382,12.4388559924478
"4","N0044","YEARLY","meanBaggedEAT200",0.235169650229036,0.218584687267044,15.664107273625
"5","N0045","YEARLY","meanBaggedEAT200",0.219561888907865,0.190949288029994,8.17838954070045
