"","Series","Period","Method","RMSE","MAE","MAPE"
"1","N0446","YEARLY","meanBaggedEAT200",0.11614352445661,0.105613406812642,10.1880991811941
"2","N0447","YEARLY","meanBaggedEAT200",0.0583342690856439,0.0518496966558639,5.44858874385653
"3","N0448","YEARLY","meanBaggedEAT200",0.088397858944112,0.065758562014575,7.43025780569157
"4","N0449","YEARLY","meanBaggedEAT200",0.073357172099067,0.0678630778540584,6.26514472032831
"5","N0450","YEARLY","meanBaggedEAT200",0.0614432861756753,0.0571032329336751,6.01397610925937
