"","Series","Period","Method","RMSE","MAE","MAPE"
"1","N0451","YEARLY","meanBaggedEAT200",0.071764070954606,0.061432225421597,5.2486251239111
"2","N0452","YEARLY","meanBaggedEAT200",0.0299032546677638,0.0244800997300802,1.94705349230648
"3","N0453","YEARLY","meanBaggedEAT200",0.0335556836856267,0.0299234158150859,2.83081261562186
"4","N0454","YEARLY","meanBaggedEAT200",0.0325154367485216,0.0273923023486002,2.6996457145623
"5","N0455","YEARLY","meanBaggedEAT200",0.0989487177624907,0.0879691914503802,8.24114270299099
