"","Series","Period","Method","RMSE","MAE","MAPE"
"1","N0456","YEARLY","meanBaggedEAT200",0.0314631822086843,0.0277122280144405,2.67001127877147
"2","N0457","YEARLY","meanBaggedEAT200",0.0667680365897067,0.0548424409020387,5.52360079396357
"3","N0458","YEARLY","meanBaggedEAT200",0.0693200350954426,0.0576877205819642,5.65313383615189
"4","N0459","YEARLY","meanBaggedEAT200",0.084721887686977,0.0786304175234518,7.84795695634198
"5","N0460","YEARLY","meanBaggedEAT200",0.0668638462556834,0.0583601961227445,4.81358747006017
