"","Series","Period","Method","RMSE","MAE","MAPE"
"1","N0461","YEARLY","meanBaggedEAT200",0.0785814316855723,0.0675667800509672,6.01430690351746
"2","N0462","YEARLY","meanBaggedEAT200",0.0258807363518393,0.0231958037895761,1.81107461931781
"3","N0463","YEARLY","meanBaggedEAT200",0.0304029508285691,0.0285145923825037,2.56451770833313
"4","N0464","YEARLY","meanBaggedEAT200",0.0895706867509808,0.0796812974531345,7.3907188244885
"5","N0465","YEARLY","meanBaggedEAT200",0.0604101872498528,0.0540855997493174,4.82526918155015
