"","Series","Period","Method","RMSE","MAE","MAPE"
"1","N0466","YEARLY","meanBaggedEAT200",0.182306727287721,0.154596535083106,12.2893109307314
"2","N0467","YEARLY","meanBaggedEAT200",0.131740644533872,0.115496513108581,6.95422186098965
"3","N0468","YEARLY","meanBaggedEAT200",0.161779058679752,0.140203260703393,14.0888823449354
"4","N0469","YEARLY","meanBaggedEAT200",0.0468035644409881,0.0427209925907762,4.29656467790227
"5","N0470","YEARLY","meanBaggedEAT200",0.0168470581008961,0.0143843491431241,1.05498483071118
