"","Series","Period","Method","RMSE","MAE","MAPE"
"1","N0471","YEARLY","meanBaggedEAT200",0.116808294989648,0.107407255995955,8.15517804930903
"2","N0472","YEARLY","meanBaggedEAT200",0.0393833523355418,0.0336732930530343,2.46780055484537
"3","N0473","YEARLY","meanBaggedEAT200",0.0179682395455616,0.016639314383901,1.51839363774991
"4","N0474","YEARLY","meanBaggedEAT200",0.0125399734770232,0.0116383051723541,1.04374001864861
"5","N0475","YEARLY","meanBaggedEAT200",0.032685336813606,0.0286890741267152,3.33440636578202
