"","Series","Period","Method","RMSE","MAE","MAPE"
"1","N0481","YEARLY","meanBaggedEAT200",0.0345165081552364,0.0306022641852719,2.96092171775804
"2","N0482","YEARLY","meanBaggedEAT200",0.334127556386099,0.299116304684076,12.6896872370349
"3","N0483","YEARLY","meanBaggedEAT200",0.571955799868457,0.47333756841976,32.0934970870115
"4","N0484","YEARLY","meanBaggedEAT200",0.335545139555309,0.299759443997816,12.5938123410165
"5","N0485","YEARLY","meanBaggedEAT200",0.1165291501666,0.102517701870279,6.00726697300061
