"","Series","Period","Method","RMSE","MAE","MAPE"
"1","N0486","YEARLY","meanBaggedEAT200",0.137866106222929,0.124255863277187,7.25418740797777
"2","N0487","YEARLY","meanBaggedEAT200",0.328503497644152,0.274380290374018,10.9197634137199
"3","N0488","YEARLY","meanBaggedEAT200",0.0451800714213814,0.0404348772810974,2.57929986226308
"4","N0489","YEARLY","meanBaggedEAT200",0.505377048839569,0.406837490582473,14.2714536802346
"5","N0490","YEARLY","meanBaggedEAT200",0.141209318171808,0.121526050023897,10.783170894505
