"","Series","Period","Method","RMSE","MAE","MAPE"
"1","N0491","YEARLY","meanBaggedEAT200",1.52262274616637,1.21409079165343,23.194838160568
"2","N0492","YEARLY","meanBaggedEAT200",0.196091856701209,0.175633542882804,7.50551659428249
"3","N0493","YEARLY","meanBaggedEAT200",0.191051314594412,0.160269226587159,7.8584761707537
"4","N0494","YEARLY","meanBaggedEAT200",0.389432859715229,0.331489437204996,12.6247040623395
"5","N0495","YEARLY","meanBaggedEAT200",0.19883915305533,0.174318595665433,7.79552382453787
